rank,review,txt_file_name,actual_helpfulvotes,predicted_helpfulvotes,_match_status,recommendationid,language,voted_up,votes_up,votes_funny,weighted_vote_score,comment_count,steam_purchase,received_for_free,written_during_early_access,timestamp_created_dt,author_steamid,author_num_games_owned,author_num_reviews,author_playtime_forever,author_playtime_at_review,developer_response,timestamp_dev_responded,latest_patch,latest_patch_date,has_patch_notes
1,"jbvgADSEjvaysghdfkiayhgsrfbkhasgdefjkgzahsrndtfgoiyagsdhbefuiahskedjfhnliyxdgrfl,kjznxdtligfukhxdfngljknzxfligcukhnlzxdkjunjbvgADSEjvaysghdfkiayhgsrfbkhasgdefjkgzahsrndtfgoiyagsdhbefuiahskedjfhnliyxdgrfl,kjznxdtligfukhxdfngljknzxfligcukhnlzxdkjunjbvgADSEjvaysghdfkiayhgsrfbkhasgdefjkgzahsrndtfgoiyagsdhbefuiahskedjfhnliyxdgrfl,kjznxdtligfukhxdfngljknzxfligcukhnlzxdkjunjbvgADSEjvaysghdfkiayhgsrfbkhasgdefjkgzahsrndtfgoiyagsdhbefuiahskedjfhnliyxdgrfl,kjznxdtligfukhxdfngljknzxfligcukhnlzxdkjunjbvgADSEjvaysghdfkiayhgsrfbkhasgdefjkgzahsrndtfgoiyagsdhbefuiahskedjfhnliyxdgrfl,kjznxdtligfukhxdfngljknzxfligcukhnlzxdkjunjbvgADSEjvaysghdfkiayhgsrfbkhasgdefjkgzahsrndtfgoiyagsdhbefuiahskedjfhnliyxdgrfl,kjznxdtligfukhxdfngljknzxfligcukhnlzxdkjunjbvgADSEjvaysghdfkiayhgsrfbkhasgdefjkgzahsrndtfgoiyagsdhbefuiahskedjfhnliyxdgrfl,kjznxdtligfukhxdfngljknzxfligcukhnlzxdkjunjbvgADSEjvaysghdfkiayhgsrfbkhasgdefjkgzahsrndtfgoiyagsdhbefuiahskedjfhnliyxdgrfl,kjznxdtligfukhxdfngljknzxfligcukhnlzxdkjunjbvgADSEjvaysghdfkiayhgsrfbkhasgdefjkgzahsrndtfgoiyagsdhbefuiahskedjfhnliyxdgrfl,kjznxdtligfukhxdfngljknzxfligcukhnlzxdkjunjbvgADSEjvaysghdfkiayhgsrfbkhasgdefjkgzahsrndtfgoiyagsdhbefuiahskedjfhnliyxdgrfl,kjznxdtligfukhxdfngljknzxfligcukhnlzxdkjunjbvgADSEjvaysghdfkiayhgsrfbkhasgdefjkgzahsrndtfgoiyagsdhbefuiahskedjfhnliyxdgrfl,kjznxdtligfukhxdfngljknzxfligcukhnlzxdkjunjbvgADSEjvaysghdfkiayhgsrfbkhasgdefjkgzahsrndtfgoiyagsdhbefuiahskedjfhnliyxdgrfl,kjznxdtligfukhxdfngljknzxfligcukhnlzxdkjunjbvgADSEjvaysghdfkiayhgsrfbkhasgdefjkgzahsrndtfgoiyagsdhbefuiahskedjfhnliyxdgrfl,kjznxdtligfukhxdfngljknzxfligcukhnlzxdkjunjbvgADSEjvaysghdfkiayhgsrfbkhasgdefjkgzahsrndtfgoiyagsdhbefuiahskedjfhnliyxdgrfl,kjznxdtligfukhxdfngljknzxfligcukhnlzxdkjunjbvgADSEjvaysghdfkiayhgsrfbkhasgdefjkgzahsrndtfgoiyagsdhbefuiahskedjfhnliyxdgrfl,kjznxdtligfukhxdfngljknzxfligcukhnlzxdkjunjbvgADSEjvaysghdfkiayhgsrfbkhasgdefjkgzahsrndtfgoiyagsdhbefuiahskedjfhnliyxdgrfl,kjznxdtligfukhxdfngljknzxfligcukhnlzxdkjunjbvgADSEjvaysghdfkiayhgsrfbkhasgdefjkgzahsrndtfgoiyagsdhbefuiahskedjfhnliyxdgrfl,kjznxdtligfukhxdfngljknzxfligcukhnlzxdkjunjbvgADSEjvaysghdfkiayhgsrfbkhasgdefjkgzahsrndtfgoiyagsdhbefuiahskedjfhnliyxdgrfl,kjznxdtligfukhxdfngljknzxfligcukhnlzxdkjunjbvgADSEjvaysghdfkiayhgsrfbkhasgdefjkgzahsrndtfgoiyagsdhbefuiahskedjfhnliyxdgrfl,kjznxdtligfukhxdfngljknzxfligcukhnlzxdkjunjbvgADSEjvaysghdfkiayhgsrfbkhasgdefjkgzahsrndtfgoiyagsdhbefuiahskedjfhnliyxdgrfl,kjznxdtligfukhxdfngljknzxfligcukhnlzxdkjunjbvgADSEjvaysghdfkiayhgsrfbkhasgdefjkgzahsrndtfgoiyagsdhbefuiahskedjfhnliyxdgrfl,kjznxdtligfukhxdfngljknzxfligcukhnlzxdkjunjbvgADSEjvaysghdfkiayhgsrfbkhasgdefjkgzahsrndtfgoiyagsdhbefuiahskedjfhnliyxdgrfl,kjznxdtligfukhxdfngljknzxfligcukhnlzxdkjunjbvgADSEjvaysghdfkiayhgsrfbkhasgdefjkgzahsrndtfgoiyagsdhbefuiahskedjfhnliyxdgrfl,kjznxdtligfukhxdfngljknzxfligcukhnlzxdkjunjbvgADSEjvaysghdfkiayhgsrfbkhasgdefjkgzahsrndtfgoiyagsdhbefuiahskedjfhnliyxdgrfl,kjznxdtligfukhxdfngljknzxfligcukhnlzxdkjunjbvgADSEjvaysghdfkiayhgsrfbkhasgdefjkgzahsrndtfgoiyagsdhbefuiahskedjfhnliyxdgrfl,kjznxdtligfukhxdfngljknzxfligcukhnlzxdkjunjbvgADSEjvaysghdfkiayhgsrfbkhasgdefjkgzahsrndtfgoiyagsdhbefuiahskedjfhnliyxdgrfl,kjznxdtligfukhxdfngljknzxfligcukhnlzxdkjunjbvgADSEjvaysghdfkiayhgsrfbkhasgdefjkgzahsrndtfgoiyagsdhbefuiahskedjfhnliyxdgrfl,kjznxdtligfukhxdfngljknzxfligcukhnlzxdkjunjbvgADSEjvaysghdfkiayhgsrfbkhasgdefjkgzahsrndtfgoiyagsdhbefuiahskedjfhnliyxdgrfl,kjznxdtligfukhxdfngljknzxfligcukhnlzxdkjunjbvgADSEjvaysghdfkiayhgsrfbkhasgdefjkgzahsrndtfgoiyagsdhbefuiahskedjfhnliyxdgrfl,kjznxdtligfukhxdfngljknzxfligcukhnlzxdkjunjbvgADSEjvaysghdfkiayhgsrfbkhasgdefjkgzahsrndtfgoiyagsdhbefuiahskedjfhnliyxdgrfl,kjznxdtligfukhxdfngljknzxfligcukhnlzxdkjunjbvgADSEjvaysghdfkiayhgsrfbkhasgdefjkgzahsrndtfgoiyagsdhbefuiahskedjfhnliyxdgrfl,kjznxdtligfukhxdfngljknzxfligcukhnlzxdkjunjbvgADSEjvaysghdfkiayhgsrfbkhasgdefjkgzahsrndtfgoiyagsdhbefuiahskedjfhnliyxdgrfl,kjznxdtligfukhxdfngljknzxfligcukhnlzxdkjunjbvgADSEjvaysghdfkiayhgsrfbkhasgdefjkgzahsrndtfgoiyagsdhbefuiahskedjfhnliyxdgrfl,kjznxdtligfukhxdfngljknzxfligcukhnlzxdkjunjbvgADSEjvaysghdfkiayhgsrfbkhasgdefjkgzahsrndtfgoiyagsdhbefuiahskedjfhnliyxdgrfl,kjznxdtligfukhxdfngljknzxfligcukhnlzxdkjunjbvgADSEjvaysghdfkiayhgsrfbkhasgdefjkgzahsrndtfgoiyagsdhbefuiahskedjfhnliyxdgrfl,kjznxdtligfukhxdfngljknzxfligcukhnlzxdkjunjbvgADSEjvaysghdfkiayhgsrfbkhasgdefjkgzahsrndtfgoiyagsdhbefuiahskedjfhnliyxdgrfl,kjznxdtligfukhxdfngljknzxfligcukhnlzxdkjunjbvgADSEjvaysghdfkiayhgsrfbkhasgdefjkgzahsrndtfgoiyagsdhbefuiahskedjfhnliyxdgrfl,kjznxdtligfukhxdfngljknzxfligcukhnlzxdkjunjbvgADSEjvaysghdfkiayhgsrfbkhasgdefjkgzahsrndtfgoiyagsdhbefuiahskedjfhnliyxdgrfl,kjznxdtligfukhxdfngljknzxfligcukhnlzxdkjunjbvgADSEjvaysghdfkiayhgsrfbkhasgdefjkgzahsrndtfgoiyagsdhbefuiahskedjfhnliyxdgrfl,kjznxdtligfukhxdfngljknzxfligcukhnlzxdkjunjbvgADSEjvaysghdfkiayhgsrfbkhasgdefjkgzahsrndtfgoiyagsdhbefuiahskedjfhnliyxdgrfl,kjznxdtligfukhxdfngljknzxfligcukhnlzxdkjunjbvgADSEjvaysghdfkiayhgsrfbkhasgdefjkgzahsrndtfgoiyagsdhbefuiahskedjfhnliyxdgrfl,kjznxdtligfukhxdfngljknzxfligcukhnlzxdkjunjbvgADSEjvaysghdfkiayhgsrfbkhasgdefjkgzahsrndtfgoiyagsdhbefuiahskedjfhnliyxdgrfl,kjznxdtligfukhxdfngljknzxfligcukhnlzxdkjunjbvgADSEjvaysghdfkiayhgsrfbkhasgdefjkgzahsrndtfgoiyagsdhbefuiahskedjfhnliyxdgrfl,kjznxdtligfukhxdfngljknzxfligcukhnlzxdkjunjbvgADSEjvaysghdfkiayhgsrfbkhasgdefjkgzahsrndtfgoiyagsdhbefuiahskedjfhnliyxdgrfl,kjznxdtligfukhxdfngljknzxfligcukhnlzxdkjunjbvgADSEjvaysghdfkiayhgsrfbkhasgdefjkgzahsrndtfgoiyagsdhbefuiahskedjfhnliyxdgrfl,kjznxdtligfukhxdfngljknzxfligcukhnlzxdkjunjbvgADSEjvaysghdfkiayhgsrfbkhasgdefjkgzahsrndtfgoiyagsdhbefuiahskedjfhnliyxdgrfl,kjznxdtligfukhxdfngljknzxfligcukhnlzxdkjunjbvgADSEjvaysghdfkiayhgsrfbkhasgdefjkgzahsrndtfgoiyagsdhbefuiahskedjfhnliyxdgrfl,kjznxdtligfukhxdfngljknzxfligcukhnlzxdkjunjbvgADSEjvaysghdfkiayhgsrfbkhasgdefjkgzahsrndtfgoiyagsdhbefuiahskedjfhnliyxdgrfl,kjznxdtligfukhxdfngljknzxfligcukhnlzxdkjunjbvgADSEjvaysghdfkiayhgsrfbkhasgdefjkgzahsrndtfgoiyagsdhbefuiahskedjfhnliyxdgrfl,kjznxdtligfukhxdfngljknzxfligcukhnlzxdkjunjbvgADSEjvaysghdfkiayhgsrfbkhasgdefjkgzahsrndtfgoiyagsdhbefuiahskedjfhnliyxdgrfl,kjznxdtligfukhxdfngljknzxfligcukhnlzxdkjunjbvgADSEjvaysghdfkiayhgsrfbkhasgdefjkgzahsrndtfgoiyagsdhbefuiahskedjfhnliyxdgrfl,kjznxdtligfukhxdfngljknzxfligcukhnlzxdkjunjbvgADSEjvaysghdfkiayhgsrfbkhasgdefjkgzahsrndtfgoiyagsdhbefuiahskedjfhnliyxdgrfl,kjznxdtligfukhxdfngljknzxfligcukhnlzxdkjunjbvgADSEjvaysghdfkiayhgsrfbkhasgdefjkgzahsrndtfgoiyagsdhbefuiahskedjfhnliyxdgrfl,kjznxdtligfukhxdfngljknzxfligcukhnlzxdkjunjbvgADSEjvaysghdfkiayhgsrfbkhasgdefjkgzahsrndtfgoiyagsdhbefuiahskedjfhnliyxdgrfl,kjznxdtligfukhxdfngljknzxfligcukhnlzxdkjunjbvgADSEjvaysghdfkiayhgsrfbkhasgdefjkgzahsrndtfgoiyagsdhbefuiahskedjfhnliyxdgrfl,kjznxdtligfukhxdfngljknzxfligcukhnlzxdkjunjbvgADSEjvaysghdfkiayhgsrfbkhasgdefjkgzahsrndtfgoiyagsdhbefuiahskedjfhnliyxdgrfl,kjznxdtligfukhxdfngljknzxfligcukhnlzxdkjunjbvgADSEjvaysghdfkiayhgsrfbkhasgdefjkgzahsrndtfgoiyagsdhbefuiahskedjfhnliyxdgrfl,kjznxdtligfukhxdfngljknzxfligcukhnlzxdkjunjbvgADSEjvaysghdfkiayhgsrfbkhasgdefjkgzahsrndtfgoiyagsdhbefuiahskedjfhnliyxdgrfl,kjznxdtligfukhxdfngljknzxfligcukhnlzxdkjunjbvgADSEjvaysghdfkiayhgsrfbkhasgdefjkgzahsrndtfgoiyagsdhbefuiahskedjfhnliyxdgrfl,kjznxdtligfukhxdfngljknzxfligcukhnlzxdkjunjbvgADSEjvaysghdfkiayhgsrfbkhasgdefjkgzahsrndtfgoiyagsdhbefuiahskedjfhnliyxdgrfl,kjznxdtligfukhxdfngljknzxfligcukhnlzxdkjunjbvgADSEjvaysghdfkiayhgsrfbkhasgdefjkgzahsrndtfgoiyagsdhbefuiahskedjfhnliyxdgrfl,kjznxdtligfukhxdfngljknzxfligcukhnlzxdkjunjbvgADSEjvaysghdfkiayhgsrfbkhasgdefjkgzahsrndtfgoiyagsdhbefuiahskedjfhnliyxdgrfl,kjznxdtligfukhxdfngljknzxfligcukhnlzxdkjunjbvgADSEjvaysghdfkiayhgsrfbkhasgdefjkgzahsrndtfgoiyagsdhbefuiahskedjfhnliyxdgrfl,kjznxdtligfukhxdfngljknzxfligcukhnlzxdkjunjbvgADSEjvaysghdfkiayhgsrfbkhasgdefjkgzahsrndtfgoiyagsdh",2023-08-24__12022825_official_Introducing...No Man's Sky Echoes.txt,1,583461800000000.0,matched,146958340,english,True,1,0,0.5,,,False,False,2023-09-24 19:33:26,76561198059455981,0,5,10826,10799.0,,,Introducing...No Man's Sky Echoes,2023-08-24,True
2,"There is absolutely no reason to avoid buying this on sale.  In it's current state, it's worth $30-$40 bucks.  I don't argue that it won't be worth $60 one day, either, but considering how this game released, and considering what was promised and not delivered initially, I can see the 'why' to the inital uproar in negative reviews.  Also with very few sales and the persistent $60 price tag, I can see why negative reviews would continue to linger on, even up until now.  But now, for any negative reviews to sound like they did a year ago, would be unacceptable.  The game was not released in a fashion that it was promised it would be:  shame on you Hello Games.  You continued to ask $60 for it:  also, slight shaming from me because that ultimately held off my purchase until the summer sale of 2017.  And in that course of time not only did I get a cheaper copy of the game, but there were at least 2 major updates that occurred during my absence of owning NMS.   So to have started the game a month ago, I can leave no other review than an absolutely positive one.  Buy this game at what price you can afford.  Chill out, and relax.  But also be prepared for change, because I don't think they are finished with this game yet.  And to Hello Games, Thank You.  For not giving up, and making it better.  It makes up for releasing it the way you did.  I can't wait to try out today's update.  I doubt I'll be coming back to change my recommendation for No Man's Sky.  Update:  I called it.  It's worth $60 now, and I wouldn't be sad if I waited until now to buy it for full price.  If you're still on the fence, grab it on sale.  Nothing wrong with that at all.  But this company deserves you to come back if you left in the past and/or refunded.  And for the newcomers....you have no idea what you didn't miss out on in the beginning, but to see the evolution of this game in the form of several free, major updates since release........I mean...I'm blown away.  Again, thank you team Hello Games.  If there was ever a shining star at the end of a dark tunnel of abandonment, it's this team of devs.  Others need to follow suit.  Immediately.  That is all.",2017-08-11__2029990_official_Update 1.3 Atlas Rises.txt,3,7.2744994,matched,34182225,english,True,3,0,0.526670753955841,,,False,False,2017-08-12 03:10:19,76561197971541378,0,97,21287,3629.0,,,Update 1.3 Atlas Rises,2017-08-11,True
3,"When No Man's Sky came out about a year ago, it was pretty ♥♥♥♥. It was basically a $60 sight seeing game that was fun for about 2 hours before you finally got bored and uninstalled the game.  Well one year later, and that statement above couldn't be further from the truth. I strongly believe that No Man's Sky is now the game that we were promised it would be, and the devs show no sign of stopping there. The once boring and linear storyline that lasted 30 minutes is now a diverse storyline that branches off into different stories, that you can explore and follow however you want. 12 hours in and I'm still nowhere near done with the story. You now no longer have to just fly around aimlessly with your tiny ship, you can trade ships or find ships at crashsites and repair them, you can buy your own capital freightership, you can make your own base and recruit a crew, there are space battles, pirates, side missions, etc. What I'm trying to say here is that a LOT has changed, if you haven't tried NMS yet or bought it originally but just uninstalled it, give it a chance, you will be amazed how far it has come.",2017-08-11__2029990_official_Update 1.3 Atlas Rises.txt,105,6.5208187,matched,35005318,english,True,105,4,0.7491789460182189,,,False,False,2017-09-16 19:33:14,76561198101173334,160,4,7658,1108.0,,,Update 1.3 Atlas Rises,2017-08-11,True
4,"After the mess that was the launch of No Man's Sky I think it deserved the response it received. We were promised many things, many of the things we were promised were not in the game we paid $60 for. Hello Games (especially Sean Murray) have been dragged through the mud since release. They could have taken every single cent from the huge amount of sales the game made and ran, but THEY didn't. From the rumors of Hello Games offices being abandoned to the MONTHS of silence from Hello Games . They've come through, and from my understanding of Sean's GDC talk they simply ran out of money. NMS is an incredibly ambitious title for such a small team to create. I won't excuse their handling of the situation but in reality, even if they had told everyone that they ran out of money there would have been an uproar. Not nearly as big but none the less...an uproar.   I bought this game, I told my friends to pre-order. Non of us refunded it as we all had spent too long to be in the window but while we were stuck with this game we accepted what it was and that we were essentially out $60. Then, the first update came. It wasn't much but it was a glimmer of hope that Hello Games cared enough about this game to at least salvage it. Each subsequent update made that glimmer bright and brighter. With Atlas Rises I don't think anyone can logically question that Hello Games at least has the integrity to push through this dark, and dreary year they've had to see this passion project through. I've put at least 15hrs in since the Atlas Rises update and I've barely scratched the surface of what this update has brought.   Is it worth $60? Did the version we were shown back before release look worth $60? If so then I would say yes. It is now 96% of the way towards being the game we were shown. (still no giant sand worms Sean!) The game we all fell in love with, the game we all spent our money on. The game Sean Murray teased and teased only to let us down for reasons we may never have the complete answers to. It's right there, in front of us all now. It's been a year since the implosion of the hype trains core. We've had time to settle, Hello Games has been rebuilding and damn it. They've rebuilt.",2017-08-11__2029990_official_Update 1.3 Atlas Rises.txt,1,6.419723,matched,34229787,english,True,1,0,0.5,,,False,False,2017-08-14 06:28:49,76561198059087810,529,9,12930,3976.0,,,Update 1.3 Atlas Rises,2017-08-11,True
5,"CAVEAT: I waited and started the game after 1.33, which is a whole new game from version 1.0.  This game is simply incredible! This is above and beyond what I had wanted out of ANY space exploration game, and certainly 100x better than the initial release version. I had a day off and I put 9 hours into the game in one day (and that was all on the starting planet, after I received my first spaceship, and found a crashed/damaged Hauler which I proceeded to fix-up).   Right now, I have a cumulative of 13.3 hours into the experience, and I don't have a vast majority of the content or story unlocked. I am aware of the state the game came-out in and what was missing, but after reading the patch notes of the last 3 patches (really should be referred to as MASSIVE expansions!... did I mention they were free?!), the game is now a LOT deeper than it was.   I really wanted to get this game on pre-order, but my gut told me it may not live-up to the hype... and it didn't. After a MASSIVE over-haul, and when it was on sale for 66% off, it was a no-brainer for me to get this thing finally.  One of the early complaints I saw were about how people got bored with the game and just blazed through the (at the time) limited story narrative with nothing to achieve... I started my first game in Survival mode. I highly recommend it, as it is exactly as advertised. Death came early to me while I was learning that I could not breath the toxic atmosphere of my first planet and that I had to gather resources, dart from cave to cave, and look for bases and other points of interest rather than just running willy-nilly to my main objective and getting off the planet.  There were TONS of Points of Interest on my starting planet, and they were a pleasure to look for. Resources were available, but definitely scarce, so survival definitely played a huge part in the exploration even after getting a ridiculously great Class A Multitool by pure random chance from one of the aliens I encountered early-on. Sure, you could fly anywhere quickly, but would you have access to enough Plutonium to power your thrusters to get up in the air again? Most of the time the answer was 'no'... I had to venture through caves and explore minutes away from my spacecraft to gather what I needed. The wildlife was passive (thankfully), but the atmosphere was always choking me.  Going off planet to a hot moon for the first time was even more abusive (in a great way)... I was greeted by a fast howling creature which resulted in at least 3 deaths until I figured-out what the heck it was... and it was mean... and made me jump when I heard the scurrying sounds through my surround sound in the middle of the night. I would jump on top of my ship as soon as I would land just to scout the surroundings. It was a legit Aliens-type feeling, especially since the small moon was densely populated with other wild life which was constantly being spooked... and for good reason with that six-legged bas**** running around! Resources were even scarcer than on my first planet, and after several reloads (after I figured-out that I could reload saves >_<!), I managed to escape with next to no resources (which I felt were adequately stock-piled from the first planet), 1 health unit, literally drained Life Support, and no shields/resistance to the elements.  Next planet was in the new system and it was a beautiful Paradise planet with vast oceans and green islands... except it was crawling with ANGRY Sentinels that apparently destroyed all life... I was forced to run multiple times. Ultimately learned how to deal with them after a couple of near-deaths, and started farming as many as I could from a different location to net me some great loot. I have no idea how to survive going back to the central point crawling with Sentinels on this planet, but I gladly try! :)  I am pleased to announce that in Survival Mode, the game difficulty being 'too easy' is no longer an issue. There are multiple ways of farming money, and everything can kill you, but you always have a chance once you learn the basics. The game is difficult, but not brutal. I got a feeling of playing S.T.A.L.K.E.R. in space on more than a few occasions as I explored abandoned buildings, way points, and crash sites... it was wonderful!  I saw what the graphics looked like before, and I have to say that they look incredible at 1440p and a 980ti now. I have the FPS cap set to 60fps with VSYNC on, and I feel like the game is smooth but may occasionally dip, as judged by moments when it the game runs like butter. It is a minor note, as the game plays very consistently, and I can't tell if maybe the frame drops are in my head or not.  I did find a base with an Architect I could claim on the first planet, but have so far decided not to build my first base prior to unlocking some more Blueprints and greater access to credits and resources. So yeah, I have not even touched on one of the largest aspects of the game, not to mention the freighters! All I know is that I landed on the first Class C Freighter I saw, and the captain offered to sell it to me for 192 million credits... I had about 200K at the time.  So at this point I am GREATLY looking forward to spending more time with this game, while my girlfriend is terrified that I won't see here ever again... well, for at least the next 100 hours or so. ;)  Pros: - Great graphics - Fairly easy to figure everything out, so the learning curve is not particularly steep... if you know how to play FPS games and may have played a Survival-type game, you will probably do well. - Really great Survival Mode, which should be the default in my opinion - Tons to explore - Vastly improved planet types and creatures over the original - New progression system - Interesting economy mechanics - Really fun exponential growth model that REALLY lets you feel like you are starting from nothing and growing into a force to be reckoned with - Faction system that gives you additional unlocks - Great spaceship variety (in terms of visuals, however I have seen pretty interesting stat and slot combinations also... this is always going to be subjective, though) - Sound design gives weapons weight and startling moments when something sneaks-up on you (if you have surround sound) - There are vehicles now, too?! O_O - Plans for even more content, while the current build is already amazing!  Cons: - Not a lot of details on how to actually survive when you first start... I had no idea caves could protect me from toxic gas, which is the exact opposite of what I would personally expect (greater gas in cave pockets, not less o_O... I can live with it, though). - No explanation of the Quick Menu and all of the cool things you can do with it... pretty easy to use and figure-out at least. - Still some optimization work may help performance on older machines and fix the odd crash (I only had 1 when I loaded a prior save for the first time), but still highly playable.  Conclusion: The game has evolved greatly from its initial release, and this is exactly the type of game I wanted for the longest time. It seems to do things in an simpler/easier way than games like Elite Dangerous, but at the same time it does a lot of things better, and maybe a handful of things worse. It's a must buy for any lovers of space and survival genres, especially if you are looking for a great single-player experience as opposed to having to be surrounded by people in typically MMO's. You are truly a lost traveler and it feels like it in this world. I feel like it's finally worth full price, but it's a complete steal if you get it on sale! Two thumbs up! :)",2017-08-11__2029990_official_Update 1.3 Atlas Rises.txt,3,6.419723,matched,34463946,english,True,3,0,0.5111110806465148,,,False,False,2017-08-24 17:17:28,76561198030666237,0,19,10026,1172.0,,,Update 1.3 Atlas Rises,2017-08-11,True
6,"What a rollercoaster this game is.  I pre-ordered, and felt absolutely cheated when the initial release came. We've all read the news stories and seen the enraged posts online -- the lying, the deceptive claims, the huge tracts of missing content. Many developers would have taken a hit like that and sunk their game in the deepest hole they could find.  Instead, the devs spent a year making update after update, all free, slowly struggling to live up to the grandiose claims they'd made in the first place. It's still not as ideal as actually releasing the game as promised in the first place, but now, finally, No Man's Sky feels something like an actual game. With some faint glimmers of story and worldbuilding wrapped around the gorgeous procedural galaxies, it's able to hold itself together -- if only just.  It's still not worth the full price, but I would eagerly suggest grabbing it on sale. It's beautiful, the music is lovely, the takeoff-to-orbit flight has zero loading screens, and every update has improved the game. There's not much story or ultimate goal to speak of, but it's not about rescuing a space princess. It's just about seeing what's out there. And now, at last, the answer is ""something"".  EDIT:  TL;DR / Summary -- They lied and called an Early Access game a polished blockbuster, but after tons of updates and two DLC Expansion sized upgrades, the game is juuuuust about worth buying on sale, if only for some truly beautiful procedural vistas.",2017-08-11__2029990_official_Update 1.3 Atlas Rises.txt,117,6.419723,matched,35449274,english,True,598,36,0.8378042578697203,,,False,False,2017-10-03 15:06:01,76561197972337101,0,13,38896,13159.0,,,Update 1.3 Atlas Rises,2017-08-11,True
7,"In short - the thousands of existing reviews aren't wrong. Knowing the reputation it had, I still had some interest in No Man's Sky and I finally got NMS on sale around the time of the 1.3 update. Right off the bat the game would crash at the loading screen. I thought maybe it was a graphics or configuration setting. Then I noticed you aren't given the option to make any configuration changes... There's no main menu, only a difficulty select screen. So I never would have known if that was the problem. Having to load the game before you can change graphics settings? That's a horrible design choice. After a quick internet search I found out that NMS has a known issue with my specific series of AMD graphics... So, in my frustration and research I found that NMS allows mods, and THANK THE INTERNET GODS FOR NOMANSSKYMODS dot COM!!!! One of the top listed mods was a game fix for my graphics card. Loaded it up and the game was working! After seeing trailers and other gameplay footage I was excited to see my starting planet - which was a barren rock. I quickly picked up the primary game play mechanics and started on the missions of repairing my stuff. That's where I quickly hit a roadblock. I needed 'Heridium' to repair my ship. I ventured out into a dangerous, freezing and barren planet walking towards every Waypoint in sight. I found nothing. I walked and scanned finding Carbon and Iron, Carbon and Iron, Carbon and Iron and nothing else. I looked online, thinking maybe I was missing something obvious or doing something wrong, but no - there was no Heridium to be found. So finally, after TWO HOURS of walking and scanning (occassionally hiding in a cave from the cold) I found Heridium. I mined all that I could carry, which is where I hit my next roadblock. I had to dedicate 2 more hours of walking back to my ship, while maintaining enough resources to keep my suit's life support online and having almost no inventory slots. This was a horrible and tedious process and if I hadn't already dedicated so much time to the game I would have just deleted the save and started over. So, after 4 hours I was able to repair my ship and actually start the ""game."" I took a break to watch some other players on YouTube and didn't find a single person who had the terrible luck I had. Most people had their ships repaired within 20 minutes or less even on their first plays. I immediately jumped to the next closest planet, knowing it couldn't be as bad as the planet I just left... and I was wrong. The next planet didn't even have enough Carbon for me to keep mining! No Carbon, no Iron and I could barely scrape together enough resources to launch my ships thrusters again so I could escape that hell. My confidence was pretty broken at that point. From, then I was playing a couple hours every night just to try and find the amazing planets and creatures I had seen in screenshots and videos. Occasionally I would break away from searching planets to follow the story line but the story seemed to take the ""anything could be anything - it's so mysterious"" approach and I wasn't into it. After 22 hours I finally found an interesting planet, with beaches and grass and creatures! Then I discovered I couldn't set a marker or any indicator to find that planet again. So, going back to the internet I found out that you can get the ability to set your own Waypoint IF you build a base. So could I build a base on this planet? No. So I warped around more planets until I found a place I could build a base... And of course it was on a hostile planet full of aggressive creatures and extreme heat. I did all of the grinding it requires to build it up so I could build a Waypoint, got VERY lucky and managed to find the 'good' planet again and setup a marker but by that time I was pretty burnt out on the grinding this game requires for progression. I will continue playing to finish the story but overall I couldn't recommend this game, based on the experience I've had. I give credit to Hello Games for what they have done and I think NMS is an amazing feat but I think a tighter, more focused experience would have made us all happier. It is my hope that they will develop a spin-off game with a small universe and a better focus on story telling. The game is beautiful and has some amazing moments sprinkled in, but those feel like a couple of strawberries thrown on top of the largest stale sheet-cake ever created.  Edit: The above experience was on the ""Normal"" difficulty setting. I did not even attempt other settings until much later.",2017-08-11__2029990_official_Update 1.3 Atlas Rises.txt,7,6.419723,matched,34444885,english,False,7,1,0.5020332932472229,,,False,False,2017-08-23 19:13:44,76561198010707755,1315,138,4339,1879.0,,,Update 1.3 Atlas Rises,2017-08-11,True
8,"Patch 1.3. It's good. Really! The game is much closer now to what people expected at release. Yeah, they should have labeled the game early access, and no, it's still not worth full price. Base building, vehicles, portals, space stations that are no longer weird, empty shells with a single alien staring at you. All for free, too.  It's got problems, of course... survival is till tedious. The core philosophy of the game still doesn't make sense. The game demands tribute and grinding to do ANYTHING. A million players could visit a million planets and still not see 1% of the galaxy. Yet the developers insist on putting blocks to any progress and exploration. They cannot guarantee their algorithm will make every trip interesting - that's fine! Procedural at this scale is hard - so why bother? You build a warp cell to hop to a system that is a single barren planet and you have to make another.  Want to move base? Great, you lose 50% of everything you grinded for. Unless you want to dismantle everything manually and somehow find the inventory space for it all.  Even using the new portal system requires searching nooks and crannies for glyphs.  I still recommend it. When you find an amazing planet and call it home, build a cool base, find other players, it works, even without all the nonsense of ""every atom procedural"". There's an interesting idea that's marred by developers worried about players seeing too much content, for no rational reason.  Buy it cheap, slap some mods on, heck use a trainer if you have to. Light up if you want. Sean Murray's insane vision is kind of here.",2017-08-11__2029990_official_Update 1.3 Atlas Rises.txt,2,6.419723,matched,34714186,english,True,2,0,0.5118343234062194,,,False,False,2017-09-03 15:13:43,76561198001598756,0,95,3683,3400.0,,,Update 1.3 Atlas Rises,2017-08-11,True
9,"Ok, i have to update my review after NEXT.  I see a lot of flak from players, based on the old launch experience and the fact that the game will never be perfect for those people. Let me say i was one of the haters when the game came out. They lied to us! Pure and simple!  After Foundation i came back and actually enjoyed the experience. It's not perfect, of course not but that's no reason to keep hating the game. Tell me about another company that, after the bad publicity and overall bad experience that NMS had, would keep working in the game, supplying free updates for two years straight...  Let's face it people, we now have two kinds of people, those who love NMS and those who hate it, the difference is that most of the haters are still stuck in the fact that the game had a bad launch because it is, right now, on all accounts, a very good game.   After NEXT the game now has everything i wanted it to have on day one. I'm not only satisfied with the outcome but also extremely impresses with the work Hello Games has done.   Do i recommend this game? Hell yeah! Do i believe it appeals to everyone? Of course not, the game is about exploration and resource management, lots of people will find it boring and repetitive.  Should you try it? Yes you should, no other game i have ever played gives me the feeling of another earth exploration and space travel as this one does. As a sci-fi fan this game just scratches the right itches.  In conclusion: Don't let the bad reviews put you off! Some of them are real but most are just people who won´t ever like the game because they feel offended by the state of it when it was launched. It's a very different game right now and i ask the haters to really try it as it is now. And if you enjoy it, like i do now, please change your review. This game no longer deserves the bad publicity it has.  Thank you Hello Games for not giving up, even after death threats, problems with justice, bad publicity, thousands of hate letters, etc etc The whole team should be proud of what was accomplished. I salute you!  *Just nominated this for ""Labor of Love"" in the 2020 sale.",2017-08-11__2029990_official_Update 1.3 Atlas Rises.txt,5,6.125743,matched,34302709,english,True,5,0,0.5642868280410765,,,False,False,2017-08-17 08:37:36,76561198005608919,1710,36,14207,9254.0,,,Update 1.3 Atlas Rises,2017-08-11,True
10,"Edit: Sean please. We have money. Let us pay you for these updates   This game will go down in the annals of Gaming history as being one of the best turnarounds of the gaming industry. From the lackluster beginnings to the monster of a game it is now, Hello Games has shown us that they are truly sorry for what they did with this game and are determined to redeem themselves. No man's sky is one of the best, if not the best, exploration based games I have ever seen, from huge freighter battles to simply watching the local fauna. Journey to find out who you are, who the Atlas is, and what exactly the problem is that plagues the universe. After a year of it being crapped on by gamers all over the globe, I wholeheartedly believe that the version we have now was the version we were promised all those years ago.   Happy travels, my friends.   Edit:  Sean, please. we have money.",2017-08-11__2029990_official_Update 1.3 Atlas Rises.txt,2,6.125743,matched,34360308,english,True,2,0,0.5027816295623779,,,False,False,2017-08-19 22:08:56,76561198109073254,0,58,33798,27830.0,,,Update 1.3 Atlas Rises,2017-08-11,True
11,"I made a bit of a rant review with a thumbs down after the big NEXT update, because I lost all the work I had put in to the game. I was however finally after 8 hours of frustration (searching for a tiny unmarked base station) able to restore my old save game.   If I would not have been able to play from my old save then I probably would have uninstalled the game to never play it again. It sounds like I am over reacting, but the most tedius boring grind of the game is in the first 50 hours of the game. Everything is locked away in the game and they made an excessive grind for you to complete through quests and general gameplay, before you really can start having fun in the game. I simply did not and still don't want to repeat that ever again!  So now with my old stuff intact I am trying the update out for a few days and I am having fun again. I like most new stuff in the update even though it was a lot of changes to take in. In the beginning I was not a fan of the new resources refining, but it actually makes sense and it has it's benefits.  Multiplayer feature is I hope experimental, because at this point it feels very bare bones and unfinished. You don't actually meet other players in this huge universe, but they connect to you from the starting screen. It is not an MMO setup like EVE where you always have players around you on an external server, the other player is local on your connection only. And at this point I don't think you want to run in randoms anyway due to the griefing reports that are already coming in. So I have the online mode off for now till I am at a point where I can deal with those little griefers with OP weapons and stuff.  Graphics and AI have been improved alot and also the terrain is not glitchy anymore. I used to have some occasional terrain texture glitches, but it is all smooth now. The terrain also looks a bit more diverse generated, but that might be a placebo effect :)  So yeah, I am giving the game a thumb up again. You do need to expect an excessive grind in the early game stage though and bite through that before the game starts to get fun and you have more freedom in the game. And do keep a back up of your save after the innitial grind, because stuff happens when they do a big update.",2017-08-11__2029990_official_Update 1.3 Atlas Rises.txt,10,6.125743,matched,34307720,english,True,10,1,0.6327818632125854,,,False,False,2017-08-17 13:55:22,76561197992206547,468,206,15024,9861.0,,,Update 1.3 Atlas Rises,2017-08-11,True
12,"2021 update:  I would like to now say that this game is 100% worth picking up if you haven't yet. The amount of updates have added so much to the game in these past years that the game feels so full now! With the recent release of expeditions, honestly looking back at the game we had when i first wrote this review and now, i can't believe it was the same game.   If you have not tried this game yet, i cannot recommend it enough! Hello Games have done amazing work bringing this game out of the pit it was thrown into when it released and the updates are still coming out!   Ill say it again. Hello Games, Much respect and Great job!   2017 Review.  Id like to point out that i was one of the many people that pre-ordered this game and as such i have a.. unique view of this game as a whole.  This Game had a very large amount of hype at the moment of its announcement and only built up towards its release. However after release the game soon after began to receive seriously bad reviews and criticism due to its lack of content such as multiplayer and its lacklustre ""reward"" for reaching the center of the galaxy.  While it still has a lot of work to be done No Mans Sky is slowly becoming the game that we all were hyped about. The Devs at Hello Games, despite the hatred they've received have been releasing content update after content update to give to the public the long list of undelivered content that was promised and while to my knowledge you cannot see other players yet, a vast number of other mechanics were added. From the ability to build bases that other characters can actually see and find to land based vehicles, to large cargo ships that you can purchase and use.  Last year when this game came out i would have shot No Mans Sky down in a split second. I even tried to refund it but was 30 minutes over the 2 hour limit, so it just collected dust uninstalled in my library.  Fast forward to 2017 and i can honestly say that if it is on sale it is a game worth picking up. No Mans Sky today is far more optimised, has far more content and less lies than this humble reviewer ever thought it would have in many years let alone just one! Hello Games genuinely jacked their collective socks up in a way that seriously surprised me.   Good on you Hello Games!  2021 update:  I would like to now say that this game is 100% worth picking up if you haven't yet. The amount of updates have added so much to the game in these past years that the game feels so full now! With the recent release of expeditions, honestly looking back at the game we had when i first wrote this review and now, i can't believe it was the same game.   If you have not tried this game yet, i cannot recommend it enough! Hello Games have done amazing work bringing this game out of the pit it was thrown into when it released and the updates are still coming out!   Ill say it again. Hello Games, Much respect and Great job!",2017-08-11__2029990_official_Update 1.3 Atlas Rises.txt,7,6.125743,matched,37134798,english,True,7,0,0.5600985288619995,,,False,False,2017-11-23 16:59:58,76561198060062283,250,8,11453,2061.0,,,Update 1.3 Atlas Rises,2017-08-11,True
13,"I'm going to start by saying I have my previous review of this game below, after my review of the new patch.  I enjoy space games quite a bit.  And I bought this game when it was on sale for 25 bucks.  I would recommend this game for 25 bucks, and I will explain why below.  You can also compare the review before the ""Next"" update and after the ""Next"" update.  That being said here is my review. Post ""Next Patch""  After a horrible experience I really wasn't expecting much from next.  I honestly didn't think anything would be fixed.  But was pleasantly surprised by what I saw right away.  Right away I noticed that they had changed the way the game started, I only play on Perma-death mode as I like the idea of everything getting erased if you die.  It makes you play completely differently.  So the look, they completely changed the way the game looks.  It looks great.  Much better than it did.  The colors were very different.  Every planet seems to have it's own personality, and it's great.  The views of looking at the solar system from the planet is awe-inspiring.  Each creature looks great, espcially considering they are ALL randomized.  The plants as well look great, and each planet has completely different fauna and flora.  The sound is great, each monster sounds different.  The sound effects when your craft is flying around is an interesting plus.  If you're flying through a storm, you can hear the storm hitting your space plane.  The surround sound is great in the game too.  I find myself taking my headphones off because I hear something behind me, but it turns out to be the game.  The gameplay is great, they've had a long time to go over how to create controls, and I have no problems with them.  It takes a bit to get used to at first with the menu's, but you get used to it fast enough.  The tutorials on how and what to do are VERY explanative and it's great.  Alot of games get tutorials wrong, but they have done this very well, and it's built into the story mode of the game, so your story mode actually is the tutorial.  It's done well.  Now this game is a sandbox-ish game with a story mode built in.  While you CAN go and do story mode, that's not really what the game is about.  It's about going from different worlds, scanning everything in the world, and exploring the universe.  You will have the opportunity to get better gear, and craft things along the way.  The base building is new and it's a great feature.  I was expecting the building to be pre-fabricated parts that you can string together, much like subnaughtica.  But it turns out that they have that, but they ALSO have blocks that you can lay down to customize and design your own unique base.  You can make buildings out of different materials and make different type of walls and such.  All in all I would definitely recommend this game, especially when it's on sale for 25 bucks.  There are few games where you can do as much as this game for the cost.  March 14th 2018  This is a game I really wanted to like.  It was on sale for 25 bucks, so I thought I'd get it.  I have some friends who swear that they've fixed all the issues with the game and it's worth buying now.  They have multi-player, they fixed the randomization bugs, not all planets are the same.......or are they?  I like a challenge, so I started right out the gate with 1 death and you start over.  I play a little bit, die a couple times, but figure out how to get off the planet, how to use materials to make things and stay alive, how to earn a little bit of cash.  I find an abandoned ship and repair it, and it's awesome.  Much better than my old one and better than most peoples ship.  I start going through the story-line to see how that plays out and jump a couple of star systems.  I literally didn't notice, but the WHOLE time I was playing this game, my mother and brother were on teamspeak listening to me complain about things.  Finally after 20 hours of playing my mother said this verbatim ""You're NOT having fun with this game, just play something else so we don't have to listen to you gripe.""  Fair enough, I turned off the game, fired up Elite Dangerous, and I was happy again.  Here's my perception of what's wrong with the game.  It tries to be a base building game, but it's not.  You can't really build a base, not like you can on 7 Days to Die or Empryion, gathering minerals is extremely frustrating.  Plutonium is apparently the number 1 resource that everything uses, but to mine it, you have to aimlessly wonder about looking for it in hopes you come up to a patch and can mine it with your laser.  After spending hours of mining plutonium, I was finally able to lift off.  Then landed in another spot on my planet only to find out you need 200 plutonium to lift off the ground.  So I spend another 30 minutes mining plutonium....again....Then finally use my landing legs to bounce me into the air like a spring.....draining all the plutonium in the legs again.  Another thing No Mans sky does is it tries to be a trading game as well.  When you go to markets, you can buy or sell low or high to make a profit.  The only problem with this is, that in order to travel from system to system you have to spend hours farming for materials in order to make anti-matter, so you can turn around and mine plutonium....again....for a warp cell. Once you have one you can travel to another solar system.  If you're looking for a space trading sim than you're better look elsewhere, Elite Dangerous does probably the best job of this, and I would highly recommend it.  Now, lastly, and probably my biggest pet peeve, is the character and plant generation.  This game prided itself on being a procedural game, having everything randomized.  And when you're flying from space to the planet it's supposed to load seamlessly.  But it seems to be VERY buggy.  More times than not I would have creatures that just didn't look quite finished.  E.G.  I would have a giraffe with a short neck, a giraffe with thick legs, and a giraffe with short legs, but a long neck.  Yes there were minor differences in them all, but it was the same animal that was just spit out onto a new planet.  And when going from one planet to the next I was EXTREMELY disappointed in the fact that there was actual loading time for the planet.  They sneakily mask it in the atmospheric weather, but Empyrion does the exact same thing, just a little worse than NMS does it.  So I was able to catch what was going on.  If you want a randomized creature sim than Spore is far and away the best game every made for this, and is still fun to this day.  All in all the game tried too hard to be something that it just wasn't.  It isn't fun because it misses on so many points that you don't want to do anything in the game.  Want to trade?  Well too bad you have to mine for 2 hours to move to another solar system.  Want to mine?  Well make sure you mine for 2 hours to find your plutonium first, then you can mine somewhere.  Want to explore and find new creatures?  Well all the rocks and plants are identical with different colors.  Animals look like Dr. Frankenstein came to the world and chopped up almost every creature in the game.  Want to have fun?  Well too bad, this game isn't made for fun.  It's made to take your money.   TL/DR Version Randomizing is crap, plutonium is a word you'll hate the rest of your life, Trading isn't possible without mining.  Mining isn't possible without plutonium.  Exploring isn't possible without plutonium.  Almost every piece of anything used in the game uses plutonium.  Oh yeah, there's no plutonium ""mine""  It's scattered throughout every planet so good luck finding 200 of it in one spot.  Games to consider over this game:  Elite Dangerous (for trading, exploring, and space battles) Empyrion (for base building, custom ship building, and survival experience) Spore (for creature exploration, planet terraforming, and 4x(ish) end game)",2017-08-11__2029990_official_Update 1.3 Atlas Rises.txt,1,6.125743,matched,42039634,english,True,1,0,0.5238095521926879,,,False,False,2018-05-14 19:00:07,76561198021797195,1174,23,30280,3521.0,,,Update 1.3 Atlas Rises,2017-08-11,True
14,"With the NEXT update right around the corner, I can only say this to the Devs- GG EZ Clutch!  Huge respect for not abandoning this opportunity, now the game has places to explore, story to follow, things to build, and money to save for Frigate.  Bigger and more beautiful than ever, the game feels as it was promised and with their biggest update coming in a few days, it's a definite buy.  Whether you want to follow story, explore the vast and beautiful universe, become space pirate or scientist, to grow crops from other planets, solar systems and galaxies, places with resources that are rare to find, the world is your oyster.    Then you can fight your way to glory, by salvaging, upgrading and finally purchasing a damn Frigate!  In any way, this game is fun and with the added multiplayer, if done correctly it will be a huge success!",2017-08-11__2029990_official_Update 1.3 Atlas Rises.txt,10,6.0307717,matched,43639658,english,True,10,0,0.5831199288368225,,,False,False,2018-07-20 09:23:06,76561198029006152,467,22,9713,917.0,,,Update 1.3 Atlas Rises,2017-08-11,True
15,"Please take the time to read recent reviews, especially now that 1.3 has been released.  Hello Games has obviously disappointed quite a lot of people, and I'm honestly still a little disappointed with their very limited communication with their players, but this review isn't about them and their communication skills.  I love this game. It's the sci-fi exploration game of my dreams, especially with the 1.3 update. There have been some bumps along the way, primarily one really big bump called ""release."" This game was very bland on release, and a complete lack of communication and explanation made a lot of players angry. But this game is not the same game that got thousands of negative reviews.  Hello Games is finally delivering on promised features, and has continued to work on significant content updates(although in the dark, unfortunately). Despite the negative reviews and ♥♥♥♥♥♥♥♥♥ around the botched release, they've continued to work on this content for the players like me that still appreciated what they tried to do. Even at it's worst, No Man's Sky was a relaxing(if bland) exploration game. It was some nice, chill stress release after a long day.  They've made significant improvements to basically every aspect of the game with 1.3. Multiplayer is slowly being phased in, even if it's still not what people were hoping for at release. The story, travel, graphics, UI, and economy and trading have received significant overhauls.   I'm still waiting for 1.3 to roll out on Steam, but I urge people to give this one another shot. If you were one of the tens of thousands that had their dreams crushed when they thought they were getting an incredible and massive space exploration game and ended up with release NMS.. Give it one more chance.",2017-08-11__2029990_official_Update 1.3 Atlas Rises.txt,34,6.0307717,matched,34168745,english,True,34,0,0.5831300020217896,,,False,False,2017-08-11 13:39:19,76561198053744247,0,2,16635,4269.0,,,Update 1.3 Atlas Rises,2017-08-11,True
16,"I first bought No Mans Sky on PS4 that day of launch, probably put somewhere in the region of 15-20 hours into the game, and this was at the very beginning when the content was still shallow and the community felt beaten, giving the game the infamous name of No Mans Lie. But I swear, every post launch Update has made the game better and better. 1.1 and 1.2 just added smaller new features in the game, but still new things to try out and create. But with this release of 1.3, I can happily say that the game is now great. Its got an interesting storyline with lore that I have yet to complete (its said it can go up to 30 hours worth) and the textures have been overhauled with different terrains for the planets and much more added to the game.   Yes people will be complaining ""that it should of been in the game on Day 1"" and yes I do agree. But Hello Games is learning and trying their best to make the No Mans Sky they envisioned. And you got to give the credit where the credit is due. Even look at the reviews, the Overall is mostly Negative but the Recents is Mostly Postive. That is saying something about this game which is what made me buy the game on PC to see how great it really is, since it was 60% off at the time of buying it, I am very happy with my purchase.   I just cant wait till the multiplayer is fully fledged out in the future updates, a 'version' of multiplayer was added into 1.3 but its nothing too fancy. And Sean murry has confirmed that its the first ""incarnation"" of No Mans Sky's multiplayer and im so excited to see whats to come.   I highly recommend this game while its on sale for 60% off as of August 15th, but even at the full price as it is on steam, it's probably worth it now.   If you're wondering when 1.4 will come out, I am too. Just be patient, 1.3 just came out. And 1.4 will probably be worth the wait.",2017-08-11__2029990_official_Update 1.3 Atlas Rises.txt,5,5.937273,matched,34267175,english,True,5,2,0.5486871004104614,,,False,False,2017-08-16 01:09:58,76561198151207999,277,38,1455,496.0,,,Update 1.3 Atlas Rises,2017-08-11,True
17,"I dont even read reviews under 3 hours and my 28 hours is not enough for a good review. So I will just say this. After I learned how to handle environment issues and inventory issues....I have had those time warp moments...8-12 hours slips by because of my enjoyment. This latest update brings the game pretty close to original goals. Wanna go and explore other planets in space? this is it. Forget the survival modes, the main game is so much better. There is space combat but that is not what this game is about Explore, scan creatures and get paid, visit space stations and set up profitable trade routes.. I whole heartedly recommend.  ps. for those achievemnt type people there are plenty and they are frequent  Edit 11/1/2021  Well I play purely hardcore now. I have quite a few more hours in the game. Now I dont know why but I have not experienced a bug in 3 years. That might be because I play gmaes really slowly and have not gotten to deeper areas were bugs may live. I did loose a couple hundred hours in a save yesterday with the coolest stuff I ever owned in the game. but that was due to a power outage when I was playing because of stormy weather, not the games fault.   I really enjoy the game play. I dont consider gathering materials a ""grind"". In fact I personally have a problem with the overuse of that word. Zoom gamers want the end game stuff instantly. Well you got to work for it. This IS NOT grind. Grind is where you play a game and have to keep repeating exactly the same area to get enough experience to handle a more difficult area of a game. This usually only applies to mmo's that do this on purpose because they  want you to spend money so you don't have to keep repeating a portion of a map. Gathering resources and building things with those resources IS NOT grind. It's playing the game.  I swear people throw around ""grind"" all the time and it does not apply. It's just something with some of today's gamers where they are filled with negativity and they throw around gaming buzzwords for the sake of being negative. Obviously I have a beef with that.   Anyway I could not even begin to list all the changes and improvements this game has made since release. But there are a ton.  But for those that dont know, you basically are ""different"" in the galaxy and you will discover what is going on because you regain consciousness and dont remember anything. Sure that has been done a thousand times but it is a great way to tell a story by discovery.   Anyway there are 2 currencies in the game. Money (credits) and tech (nanites). Nanites allow you to improve your spacesuit, starship or your trusty multi-tool which also serves as a weapon. Credits allow you to buy better multitools and ships. But not everything can be bought so your off to mine what you can find, And remember those nanites? You scan rocks, plants and animals into an electronic catalog and earn nanites for your collected intel.   There are other ways to earn nanites but since this is a discovery game I'll let you figure it out by yourself. There are a few dangerous creatures that will attack you and pirates in space also but this is more exploration than action. Well,actually pirates will try and attack you almost any time you go into space. But they start some distance from you and you are notified and can usually flee but you CAN beat them even in the first crappy ship.   BTW that brings up another irksome review snag. I see reviewers post about how bad the ship handling is in the game. That is total ignorance. Sure your first ship flies like an out of control brick (learn to make small movements and be aware there is a delay) but compare that with an s class fighter with handling improvements which come later. you can do figure 8's around asteroid groups, turn on a dime and beat 10 to 1 odds. But no! some tried the first ship one time and summarily decided all the games space combat is terrible, sheesh. These are the same people that play a hybrid action/rpg game, have a 1 out of 10 melee skill, keep missing, because, you know 1 out of 10, and report the games hit-boxes are broken. Gamer please. Sorry for the rant  Cheers.",2017-08-11__2029990_official_Update 1.3 Atlas Rises.txt,13,5.937273,matched,34243186,english,True,13,0,0.5764682292938232,,,False,False,2017-08-14 20:45:14,76561198059740220,0,134,48381,4098.0,,,Update 1.3 Atlas Rises,2017-08-11,True
18,"On release, this game was a party of letdowns, fake promises, and pissed off people. I wasn't one of those people, I didn't get a ticket on the hypetrain until only a few days before release when a friend told be about this ""space game"" that was coming out. It looked interesting, I bought it, played about 40 hours, got bored. But overall wasn't incredibly pissed off, since I still got 40 enjoyable hours out of a 60$ game. However, through the ♥♥♥♥♥♥♥♥♥ that was thrown at Hello Games and specifically, Sean Murray, they continued working on the game, and providing free updates. 1.1 update Foundation, introduced base building, something I was hoping would be in the main-game. It was lackluster, however it was a free DLC to something that needed improving. 1.2 Update Pathfinder, introduced primarily Vehicles to the game. Something that made exploring planets much, MUCH more enjoyable, however I still found it hard to get my head back into the game and find motivation to keep playing.  But.  All of the sudden my friend gives me a link to a twitch stream, ""waking_titan"". I do some research and find out its an ARG for the upcoming 1.3 update. (You fed the hamster good job.) I pay a little bit attention to the ARG in the upcoming days, but the day 1.3 comes out I decide to check the reddit, I see patch notes 1.3 Hoooooooooly crap. The amount of things that have been added, fixed, improved. Is absolutely ridiculous. Lemme list some things off here. AN ACTUAL STORYLINE. And from what I've played, its been a load of fun. Jumping to a new save file, seeing all the detail to the storytelling, and (all be it, pretty generic) quests. Is VERY enjoyable. NEW WORLD GENERATION. Amazing new biomes to be found, now also specified when scanning the planet from space. (This change is a HUGE one for how little you'd imagine. Planets were usually super lackluster and boring, however now the chance of finding an amazing looking planet is much much higher, and don't even mention the new grass oooo baby) More eyecandy and things to do. Things as crashed freighters, sidequests for rewards, and the upgraded visor usability give alot more freedom in how you spend your time.  Overal, update 1.3 made a massive, MASSIVE difference to how the game feels, and makes it resemble what we saw at E3 much closer. Oh yeah, theres (very limited) multiplayer now too, a step in the right direction.  Discount price? Buy it. Full price? Think about it for a while.",2017-08-11__2029990_official_Update 1.3 Atlas Rises.txt,10,5.937273,matched,34214681,english,True,10,1,0.6038415431976318,,,False,False,2017-08-13 14:08:31,76561198047912567,0,11,12368,4203.0,,,Update 1.3 Atlas Rises,2017-08-11,True
19,"At launch this game was enough for me, it was what I wanted. Of course it wasn't what it was supposed to be. But for me, it was worth it.  After the first update, Foundation Update, the game started to feel more coherent in some areas, it was taking a direction that was what I always wanted from a game.  After 1.2, the game got even more into the way I felt perfect for me personally: Exploration.  And after 1.3, Atlas Rises, we finally got the No Man's Sky that was promised to us. We still miss some small things, but nevertheless this game took up the shape of what it was originally supposed to be, and will probably keep its way, so in few more updates, it can finally reach and be the No Man's Sky we dreamed about.  The major problem with people is: They think it was supposed to be like a CoD or Battlefield in space. That wasn't the original promise. People want to like a game that isn't for them. And then they get angry when they feel wronged... by themselves.  Today, after 1.3, No Man's Sky takes the #1 place in my personal list. 10/10 - Do recommend.  Edit - 25/07/2018:  NEXT is here. And there's so much I can't even fathom it. I'm overwhelmed. You could call it No Man's Sky 2. It's so different that I barely know how to play it. I got the feeling of playing a new game. Still 10/10. Best game of my damn life.",2017-08-11__2029990_official_Update 1.3 Atlas Rises.txt,2,5.937273,matched,34178011,english,True,2,0,0.5016180872917175,,,False,False,2017-08-11 22:03:35,76561197990401987,0,16,20835,7223.0,,,Update 1.3 Atlas Rises,2017-08-11,True
20,"I pre-ordered and put over 60 hours into the game at Launch. I enjoyed it for what it had, which was mindlessly harvesting resources and exploring. When I hit 48 slots on inventory and ship I started to lose interest simply because it was so repetative and lacked Depth. I kept watching the game when 1.1 and 1.2 came out but didn't really dive back into it yet. Not until 1.3.   I have to say..holy crap. They have flipped this game upside down and have done a fantastic job. I spent Every day this week questing and doing missions. Building bases and exploring in land vehicles. I look forward to playing it every day. If you were on the fence I highly recommend giving it a shot now. On sale or not it is finally shaping up to be what it was supposed to be. I know that it taking a year to get it right doesn't sit well with some people, but it has happened to other games and other companies (War for the Overworld comes to mind).   Again if you were on the fence before, give it a shot now. It is the perfect time to get started now that the game has an actual story to it.",2017-08-11__2029990_official_Update 1.3 Atlas Rises.txt,6,5.845224,matched,34274226,english,True,6,0,0.5506402850151062,,,False,False,2017-08-16 11:19:00,76561197975771238,248,3,28090,5438.0,,,Update 1.3 Atlas Rises,2017-08-11,True
21,"I came back to the game because I had heard it was updated (again) in good ways and yes, IMO it has been redeemed. The game has become pretty much everything that I had personally hoped it would be originally. There are some quirky issues but nothing that can't be endured if you're wishing for an immersive (and breath-takingly beautiful) space fantasy. There are different difficulty styles to choose from so I've noticed the game has a lot to offer to a variety of players (my 10-year-old plays this in Creative Mode, for example.)  Wow, I was mad when I wrote the old review. I'm glad I gave the game another chance.  ----------------------------  What’s the point in discovering new planets (and plants and animals), plus naming and uploading them, if there’s a good chance that the next time an update comes along they won’t exist anymore?  I remained a fan of the game even back when the pendulum was on the side of ""hugely unpopular"". Yes, I thought it was expensive and was disappointed in the lack of multiplayer. However, I defended it because it was a great experience.   I had the most beautiful home planet. I was so fond of the animals that inhabited it. I spent hours immersed in the place, developing an attachment to its inhabitants and ""story"". My entire game experience was tied to that planet because it was my base, the home I looked forward to going back to after space exploration. I had hoped that if there would ever be multiplayer, I could share it with friends.  Then the new update came along and my home is gone. The planet is technically still there with the same name but it's been replaced by an unrecognizable frozen wasteland. The plants, animals, and resources it once had have also completely changed.   It turns out that this new update has altered the game so much that our already-procedurally-generated planets have been ""rerolled"" to be more challenging, even if you’re playing on Normal mode like I had been. I spent hours reloading a new game, trying to generate another habitable planet like I once had, but every single one was a hellhole.   This game used to offer an amazing dreamlike experience focused on exploration and some survival. Now it’s just another survival game but with fancy filters and the promise of very limited multiplayer. With my beautiful home taken away and with every new planet trying to kill me the experience just feels depressing.  I can no longer recommend this game because I’ve lost the trust I had left in the developers. Hello Games needs to sort out what the hell their vision is and develop some better business practices.",2017-08-11__2029990_official_Update 1.3 Atlas Rises.txt,1,5.845224,matched,34232160,english,True,1,0,0.5199999809265136,,,False,False,2017-08-14 09:38:03,76561198035428434,999,17,14535,2391.0,,,Update 1.3 Atlas Rises,2017-08-11,True
22,"This is just my opinion about the game and recent developments, I do try to speak for most of the community here but everyone is entitled to their own opinions.  I had pre-ordered No Mans Sky and was stoked about getting on to play it, but I was surprised to see the 2 GB download speed which looked to me like it was tool small. But like a lot of people who played it, I enjoyed playing it for the first 6-12 hours becasue you know there was so much to do and see and discover, nothing like I had ever seen before.  But as most of you probably already know, the game got very stale, very quickly and by the time I was at about 20 hours on record, I started regretting spending £39.99 on this game and I did try to refund it once or twice but wasn't able to.  Fast forward a year to July.  I (sort of) got back into the game since Hello Games had released the foundation and pathfinder update and wanted to see what it was all about. I do have to admit it was a very good few first steps in the right direction and I think that the community responded very well to the creators coming back and commiting themselves towards the future of the game, however in my opinion the game was still lacking heavily with content and actual things to do besides travel from planet to planet collecting resources, selling them, fending off pirate scavengers, discovering new species and flora etc.  Fast forward about a month to today (11/08/2017 or 08/11/2017 depending on which you use)  I had woken up and sat at my PC, I started browsing steam deciding on what to play and I see the update icon pop up in the bottom right (If you don't already know, here's what they added http://www.nomanssky.com/atlas-rises-update/). I immediatly started the download. I was very impressed and also excited for this, because it's what the game has needed since day 1. I wont lie by not saying that I'm not feeling let down about the fact that it took them just over a year to release this, but I'm glad that they actually did release it instead of giving up.  I have only experienced about 20 minutes of the new update and am still in the middle of discovering everything that this update has to offer everyone. Terrain generation, flora/fauna seems to have been improved alot. I do enjoy the new GUI and HUD, it's the simple yet perfect things that have been added which makes this game worth playing again. I haven't had a chance to do any story/quests at the time of me writing this, but it's something I hope to dive straight into and hopefully I will make the most of the 30 hours of gameplay.  To sum everything up, I do love this new update and everything that Hello Games are trying to achieve here. I am looking to future updates like this and will happily wait for No Mans Sky to reach it's full potential.",2017-08-11__2029990_official_Update 1.3 Atlas Rises.txt,16,5.845224,matched,34174628,english,True,16,0,0.5853917598724365,,,False,False,2017-08-11 18:49:20,76561198121005249,210,14,11973,2859.0,,,Update 1.3 Atlas Rises,2017-08-11,True
23,"Was pretty bad and disapointing at launch. Nowm, it's a pretty good game. I'm waiting for the ""NEXT"" patch and i'm super excited for it, i've seen all the leaks and they've changed the game enough for it to be a worthy purchase now. creatuyres look cool now and everything. I think that people still crying about what happened 2 years ago need to seriously grow up. They've given us two years of free quality updates now, no it doesn't change what they've done but it certainly shows that they're not taking our money and running, it shows they want to fix the wrong they've done. and if we don't promote people trying to fix their mistakes then what kind of people are we exactly? This game is good now and I haven't even played NEXT. I'll probably update this review after NEXT update but considering the game is already good, and the update is looking so much better, i highly doubt this review is going to become negative.",2017-08-11__2029990_official_Update 1.3 Atlas Rises.txt,3,5.845224,matched,43689191,english,True,3,1,0.50282484292984,,,False,False,2018-07-22 23:13:38,76561198050021668,2430,138,17269,9454.0,,,Update 1.3 Atlas Rises,2017-08-11,True
24,"I've been playing No Man's Sky since the Pathfinder update and have always found it an extremely fun and relaxing exploration experience. Since the latest 1.3 update, Atlas Rises, it has become such an amazing game. There's tons more stuff to do with all the added story and lore and the game looks even better than it did before the update.  If you've been holding out on buying No Man's Sky due to the negative reviews it has gotten since launch, now is the time to jump on board. There is more planned for the game and the best thing about the updates is not that they are free, but with each and every one, the game continues to get better and better.  I'd highly recommend No Man's Sky to anyone!",2017-08-11__2029990_official_Update 1.3 Atlas Rises.txt,2,5.845224,matched,34332224,english,True,2,0,0.5,,,False,False,2017-08-18 16:39:53,76561197983042082,272,3,92126,92126.0,,,Update 1.3 Atlas Rises,2017-08-11,True
25,"I'm trying really hard to like No Man's Sky 1.3. Really hard. I'm doing the base building quests. I now have a dune buggy. I rehabilitated an old, crashed hauler. I'm even kinda trying to find Atlas.  But I'm not really enjoying it.  For having an infinite galaxy to explore, there is still very little to see in No Man's Sky, and that's a problem for a game about exploration. The animals and plants that I've found are all pretty samey. The environments look better than they did on the three dozen or so planets that I've explored. Every once in a while you come up on a different kind of space station or a weird new monolith to click at, but there's still very little life to the game. The planets seem to have been previously inhabited, but all of the structures appear to be isolated and expeditionary in nature. No abandoned towns or even inhabited ones.  And then there are the weird limitations. Everything is a brick wall. I wanted to explore an ancient ruin. The game put the structure at the bottom of a sinkhole on a world so cold and windy that I couldn't last 30 seconds outside the cockpit. I found a lush, verdant, temperate world full of sea to explore, but I could not find a shelter to shift my base to. I found new animal and tried to name it. The profanity filter rejected the word ""bipedal.""  Everything you might want to do is gated with a ridiculous time sink. Want to buy a freighter and collect different spaceships? You're going to need about 100 times the currency you are likely to have on hand. Want to jump from system to system and just explore? Prepare to grind a LOT of resources and craft a lot of fiddly stuff. Want to follow one of the game's two main quests? Fetch time!  Lots of things are deeply affected by the procedural generation of your part of the galaxy. I have tripped over no fewer than three crashed freighters and have been following their log story like is was some kind of regular feature. My friend, who has played this game since launch, has yet to see one. I recently attempted a timed quest given to me by the exocraft engineer to go find a signal 6 minutes across the map. After 5 minutes of driving across rubble and watching the camera shake like a GoPro, I fell into a hidden sinkhole and couldn't get the dune buggy back out. Rage quit.  My kid has become invested in my struggle, though. ""Daddy, I hope you find enough iron or whatever.""",2017-08-11__2029990_official_Update 1.3 Atlas Rises.txt,17,5.845224,matched,36198482,english,False,17,1,0.5640935897827148,,,False,False,2017-11-01 18:18:01,76561198031440161,356,148,2513,1596.0,,,Update 1.3 Atlas Rises,2017-08-11,True
26,"I had very much liked NMS before Waypoint 4.0 where I would at least keep it installed to see what's new. However, now with the latest update anyone who had a lot of tech upgrades practically lost all previous capability such as hyperdrive distance and maneuverability because tech only goes to tech now and existing players weren't given any sort of in-game tokens to allow full tech space usage. I can't tell how many hours I (and i'm sure countless others) have pumped into getting max inventory spaces for exosuit, main ship, and freighter which is now rendered pointless. I understood past inventory changes and recommending new saves but with the (long ago now) addition of quicksilver and save specific quicksilver rewards instead of account specific rewards makes it difficult to move on to a new save and dump another ridiculous amount of hours just to get back to where I was.","2022-07-27__9194209_official_No Man's Sky 8th Expedition, Polestar, now live!.txt",15,5.845224,matched,123535344,english,False,15,0,0.5183240175247192,,,False,False,2022-10-08 13:27:25,76561198087013960,290,2,14531,14062.0,,,"No Man's Sky 8th Expedition, Polestar, now live!",2022-07-27,True
27,"No Man's Sky, A game developed and published by Hello Games, Launched 13th of August, 2016.  I have longed for a game that would allow me to take to the stars, fly amongst the raging balls of fire, the spiralling rocks and visit worlds untouched by man. I have played countless Science fiction games in hopes for this dream. And so i was obviously drawn to No Man's Sky. It's promises of grandeur and its visual style spoke to me on so many levels. But did it deliver? At first not even in the slightest, but this game has been in development for a long time now and perhaps its now finally at a point where it can be evaluated as it should be.  I would like to mention here that everything below is purely based on the game itself, I believe the team at Hello Games are doing a considerable amount of effort to make this game as good as it can be and that is a mindset that can only be praised.  [h1]Story 1/10[/h1] No Man's Sky or NMS as i'll refer to it on going isn't entirely based on a storyline, so it makes it hard to write this part. However the game doesn't really deliver any kind of information at all, as to how you came to be, where you came from or even a story of the universe you are flying through. The relatively small amount of information you are provided only seemingly leads to more questions. Not that questions aren't a good thing for a mystery and to build suspense but that's where it ends. Beyond the standard amount of information you'd expect, this game is devoid of any semblance of history, lore or world development.  [h1]Gameplay 3/10[/h1] [b]+ World Design:[/b]No Man's Sky doesn't provide a whole lot of gameplay mechanics so this section is going to be relatively short, However it does a few things particularly well and a few things pretty dismally. The world design however is pretty amazing. I understand that the worlds are procedurally generated but the algorithm used to build them is pretty sensation, the worlds are vibrant and full of things to explore. [b]+ Mining:[/b]I love a game that has a good mining system, especially when its crucial to its own mechanics. NMS has made Mining it's fundamental game mechanic in that you need to mine to do pretty much anything, from fixing your ship and ensuring you won't die, to making money. [b]+ Scanning the environment:[/b]This game has plenty to look negative toward, however i really enjoyed scanning creatures and the environment to document my travels. It felt like a great idea and never really got boring, i wish there was more of a reward for doing so than just a cash prize. But as a whole it felt very interesting, discovering different resources on a planet. [b]- Movement:[/b]NMS essentially has you moving constantly, finding resources, traversing landscapes in search of points of interest. However the mechanics here are flawed and clunky, Movement is heavy and sloppy and feels unnatural. The sprinting is almost useless as you can only really sprint for the space of 1 meter before you character collapses from the strain, and the jetpack has almost no forward propulsion only upward and even then its extremely slow and clumsy. [b]- Enemy Diversity:[/b]I use the phrase ""enemy"" extremely loosely here as there aren't really any enemies, the sentinel robots patrol planets occasionally and attack you if you bother them too much but there really isn't any fundamental combat set up here and the enemies aren't really worth the effort in fighting. [b]- Endgame/Purpose to Play:[/b]The game doesn't really have one, it has you progressing through this world for a seemingly endless purpose but with no reason. You can continue to build a base and upgrade your ships but there is really no purpose to it. Somewhere around the 20 hour mark you will have experienced everything this game has to offer and for a game of this scale and scope that is pretty sad. [b]- Hazardous Environments:[/b]I understand that in any survival game, the fundamental premise is that you are in a dangerous environment and that you have to survive. No one can argue with this mechanic, However in NMS you aren't really given a chance to survive, you awaken on a planet of random designation, that is in someway hostile to you. You are immediately subjected to an ever draining life system that will eventually kill you unless you can find the resources to repair your ship and to keep your exosuit functions running. I like this until you reason your character is a brick on lego wheels and that you can't traverse any sort of distance on foot without almost dying.  [h1]Visuals 5/10[/h1] NMS is a beautiful game, and it was far more beautiful at its launch. It hasn't aged extremely well although it still isn't ugly. The graphics are overtoned by its vibrant colour schemes and amount of information it throws at you almost immediately. It has a significant amount of graphical options to help alleviate even the minor discrepancies you would have, but even at Ultra this game isn't all that stunning. It looks good for what it is, but it's not breath taking, not compared to other games of this genre. There were no minor or major graphical issues in this game running it at Ultra. and the frames held steadily well above 60FPS.  [h1]Audio 7/10[/h1] Suprisingly i have very little negative to say here. NMS has provided a beautifully designed OST to compliment its game play. The world sounds alive even if you can't really see it at times which can be depressing. But the sound effects here are on point, everything you do feels impactual and connected to the world, Flying sounds intense and that first take off is stupendous to hear. Overall a sensational audio presentation here and the developers should be extremely proud of it.  [h1]Overall 4/10 ""Mediocre""[/h1] Whilst No Man's Sky has had a lot of work put into it, to make it the game it should have been 5 years ago now. It's probably reached that point. However in that time games have exceeded it's original promises and have excelled at it exceptionally. It's overall mechanics and graphics are outdated and despite the the effort here to make it a great game i just can't see it becoming one. The developers are a dedicated and passionate team and the work they have put into NMS is evident from the moment you launch it. However the game isn't really worth the price, and probably not even on sale.",2017-08-11__2029990_official_Update 1.3 Atlas Rises.txt,1,5.845224,matched,41620519,english,False,1,0,0.4803939461708068,,,False,False,2018-04-22 08:13:09,76561198000207900,3104,164,2212,1588.0,,,Update 1.3 Atlas Rises,2017-08-11,True
28,"This game had me so hyped when I first heard about it, you can't believe the dissapointment I had when I saw the influx of bad reviews at launch. I decided to pass on the title for the time being, but it definitely didn't leave my mind and only left me craving the experience. Hello Games went silent after launch which did not look good for the future of the game, but it all changed when they started dropping huge content updates adding everything that was initially promised and more. Growing more intrigued with each update, the announcement of the upcoming update titled ""NEXT"" with it's fully fleshed-out multiplayer was the final straw that made me want to pick up this game, and damn was it a good idea.   I'm currently only 10 hours in, but I can see where this is going and I've got to say I LOVE this game. 18 quintillion planets to explore, probably 95% of which I've been to so far have never been discovered by another person. The flying, the freedom of exploration, the massive universe, the art style, the music, everything about this game is beautiful. I'm thoroughly impressed, can't wait for the NEXT update, and for the future of No Man's Sky.   Though incredily unlikely, I hope to see you out there in the Universe!",2017-08-11__2029990_official_Update 1.3 Atlas Rises.txt,4,5.754602,matched,43611905,english,True,4,0,0.5084666013717651,,,False,False,2018-07-18 20:46:21,76561198001519809,0,27,5146,1927.0,,,Update 1.3 Atlas Rises,2017-08-11,True
29,"Edit: I've come around to the new update. It sucked at first, but after just a bit of re-adjusting, the true quality of this update became apparent. Yes, it'll take some time to get used to, but its well worth it. I just hope there's a greater variety of upgrades to come as i have a plethora of empty tech slots in my multi-tool and my exosuit.  [strike] 4.0 is out and I hate it. They changed how tech upgrades work and I feel like I've been cheated out of the time I've put into this game. I genuinely hope the technology overload mechanic is a bug in the current state as i simply cannot comprehend why'd they do this. If getting ten trillion inventory slots came at the expense of the min maxing and enjoyment  involved in distributing your upgrades throughout your inventory then i want no inventory slots. I'd much rather have launch day inventory size with the ability to install upgrades like old than this garbage. Seriously, why? Please tell me I'm wrong and the hundreds of thousands of nanites worth of ‘archived upgrades’ I now have sitting in my inventory can be installed in a way akin to the previous version of the game, because if not then i'm done. It's even worse for my ship. The thing I spent a majority of my gameplay time  hunting for is now garbage because of this. Hyperdrive range, efficiency, damage, mobility, etc, are all AT LEAST cut in half. The scrapper says it's worth over 2 billion units, but it might as well be worth 1 with all the stuff I grinded for now serving as paperweights in my inventory. I just seriously can’t wrap my stupid human brain arround this change. The people who play this game non stop have just been screwed over so that, what, people coming back have an easier time re-adjusting? Its stupid. Your most devoted fans have effectively lost more than half of their gear. I'm mad and I only have 80 ish hours in the game. I can't even imagine how people with hundreds or thousands feel. [/strike]","2022-07-27__9194209_official_No Man's Sky 8th Expedition, Polestar, now live!.txt",1,5.754602,matched,123477201,english,True,1,0,0.4851063787937164,,,False,False,2022-10-07 09:50:17,76561198917253009,137,14,10734,4894.0,,,"No Man's Sky 8th Expedition, Polestar, now live!",2022-07-27,True
30,"(New Review)  After all the updates released this is probably the best bang for your buck game out there right now. I have purchased this game multiple times on plenty of other platforms and I always enjoy playing it. There is no other game quite like no mans sky. I have searched for years to find a game that gives me the same feeling as this game does whenever I play it. The only game I have found so far is star citizen and even then there is no comparing the two other than the space travel. It truly feels like you can do whatever you want in this game. I highly recommend picking this game up and giving it a shot. Even if it is not your favorite game, I believe you will have the same appreciation for it as many others do.   (Old Review)  The next update just released and I have heard that it is good unfortunately I cannot fully review it yet because I am on vacation but will be the first thing I play when I get home it was great to see this game evolve into what it is and it was a fun trip. My friends would always laugh at me when I told them this game was actually good, they were too busy riding the bandwagon many others who never played the game followed. I'm happy to see this game thriving again and I am going to say what many other people have already said... I'm glad the devs took the time to forge this game into what they wanted it to be instead of abandoning it. They really did an amazing job. What made the game so special when the game was empty was the community. Everyone working together to create the Galactic Hub and to be apart of someting special. If you want a game to chill out and have a nice time exploring to your hearts content then buy this game you will not be disappointed  (Older Review)  think of this game like an early access game. Don't go into it thinking it is going to be the greatest experience of your life. It is a great game but there are many things that I think could be fixed and im sure are being fixed. I bought the game knowing all of this and honestly I'm not disapointed. It is a very fun experience for the first couple hours (at least when I bought it) But soon I found that there was nothing else to do. With the new Atlas update it is clear that the studio really does care about this game and when they update the game they really update it. I don't think this game should be $60 but if you can get it for around $20 then i say go for it if you are looking to sit in the back seat of hello games car and ride along for the journey. Honestly a good game and it is nice to see that the developers didn't just run away with our money",2017-08-11__2029990_official_Update 1.3 Atlas Rises.txt,6,5.754602,matched,34175396,english,True,6,1,0.4946301877498626,,,False,False,2017-08-11 19:34:35,76561198142521451,204,17,7878,6739.0,,,Update 1.3 Atlas Rises,2017-08-11,True
31,"No Man's Sky is actually my favorite, so I could talk about it for hours, but I'll try to keep it short. If you want a chill, beautiful, never-gets-old exploration experience, buy this game! Infinite planets, infinite creatures, etc. I realize that the ""no multiplayer"" has thrown a lot of people off, but honestly, the game is fantastic without interaction, and the new VOIP system is still amazing. Also, there are multiple discords and subredits where peopel talk about the game, so if you really want to enjoy the game with other people, that works quite well. I've played about a hundred hours, and have built an incredible base on a planet with spectacular mountains and fauna, an I've only scratched the surface. Definitely recommend!",2017-08-11__2029990_official_Update 1.3 Atlas Rises.txt,4,5.754602,matched,34225687,english,True,4,0,0.5513866543769836,,,False,False,2017-08-14 00:21:38,76561198147025241,0,17,36874,6136.0,,,Update 1.3 Atlas Rises,2017-08-11,True
32,"Maybe they didn't deliver on launch, which was a big fail. But now? If you like what the game seems to offer, go check their 3 updates:  https://www.nomanssky.com/foundation-update/  https://www.nomanssky.com/pathfinder-update/  and today's update, which adds a ♥♥♥♥♥♥♥♥ of interesting things, and the joint exploration coop they promised and failed to deliver at launch.  https://www.nomanssky.com/atlas-rises-update/  https://www.youtube.com/watch?v=5328iuzHw-w  Please, if you get it now, don't tell me how cheap you got it xD cause NOW it would really be worth those 60€ they asked on release....and now it may cost like 1/3 of that haha.",2017-08-11__2029990_official_Update 1.3 Atlas Rises.txt,9,5.754602,matched,34167345,english,True,9,1,0.5865942239761353,,,False,False,2017-08-11 12:20:37,76561198000154494,601,36,6649,1876.0,,,Update 1.3 Atlas Rises,2017-08-11,True
33,"Since there has been so much hate about this game I have to say something good. Yes this game had it's problems and yes we felt betrayed. And yes I didn't play it much but it doesn't mean it can't be good, right? The people behind this game are still working and they won't give it up. So, if you see this game for a low price, go and get it. While it's not worth the full price right now, it's still worth a glimpse into the huge universe it got and it's existing and still coming possibilities.  Edit for Steam Awards: There is no game on Steam, that would deserve the Labor of Love award more than this game. When the game was hated or forgotten by most, the developers didn't stop updating and fixing the game for years. And they did all of that for free. So stop giving it to CSGO that literally does nothing. And even though I love the game, stop trying to give it to Terraria, they literally threw the game into a corner in favor of a new game and only picked it back up, when the new project was cancelled. Show No Man's Sky the love it deserves.",2017-08-11__2029990_official_Update 1.3 Atlas Rises.txt,2,5.754602,matched,34180057,english,True,2,2,0.4761904776096343,,,False,False,2017-08-12 00:26:16,76561198081961765,1019,30,6933,547.0,,,Update 1.3 Atlas Rises,2017-08-11,True
34,"It's no secret that this game was panned as absolute trash when it came out. The same old cycle of gameplay from the second hour through to the last with nothing much else to do. Hello Games was rightly flamed for what they released and the blatent lies their founder made, however in the past year it's clear, even to a newer player like me, that the developers want to clear their name and give those that trusted them with their money a game worthy of that pricetag. I'm not going to say this game is perfect and it's certainly not for everyone, but it's clear it's come a long way since that disastrous launch.  Patch 1.3 adds some much-needed depth to the game, with an engaging storyline and many great tweaks and UI improvements. This was on top of a pretty fun and interesting Base-building sidestory introduced in 1.1.  As for the base game itself, don't expect an action-adventure. The game, for the most part, leaves you to your own devices when it comes to what you want to do. There's generally two main paths you can take from the start, along with the new story and the basebuilding series. On the other hand you can choose to complete missions for rep with the three races and three guilds. Or you could choose to mine some expencive metals and jump from system to system selling your wares. Or you could become a pirate, destroying other ships for their cargo.  If you played at release and were frustrated by the gameplay, now is the best time so far to come back and check it out again. If you're looking at buying this game for the first time and you're looking for a laid-back, chill, not too difficult exploration game I can recommend it at this point.  Hello games hasn't redeemed themselves for the game they initially released, but their consistant, high-quality patches and the amount of time they've spent post-release, making this game what it should've been from the start is commendable. After all, it's refreshing to see this sort of thing in an age of moneygrabbing DLC passes, yearly rehashes, lousy ports, rereleases, Pay To Win and effectively abandoned Early Access titles.",2017-08-11__2029990_official_Update 1.3 Atlas Rises.txt,4,5.6653857,matched,34317184,english,True,4,0,0.5298372507095336,,,False,False,2017-08-17 23:25:30,76561197971604461,500,18,11831,2160.0,,,Update 1.3 Atlas Rises,2017-08-11,True
35,"I know that many people were angry about the original release, but just like PUBG I gave the game the benefit of the doubt simply believing it was early access. Since then the game has paid off tenfold. The devs have seriously produced some great fixes and content changes. I really like this game and the only critique I have is that I don't have enough time to put into it to get the most out of it; however, going back into the game each time I do when the devs add a patch I see some much new stuff that it makes me forget some of the initial flaws. For many the expectation was that the game had multiplayer and had a lot of features that the game had, but watch the interview... https://www.youtube.com/watch?v=53q9cg-qm-A.",2017-08-11__2029990_official_Update 1.3 Atlas Rises.txt,6,5.6653857,matched,34669191,english,True,6,0,0.5238095521926879,,,False,False,2017-09-01 20:59:43,76561197971815770,0,206,1707,270.0,,,Update 1.3 Atlas Rises,2017-08-11,True
36,"Let's get the elephant in the room out of the way first: having played since release, yes they botched the launch, yes the game wasn't initially worth the money, and yes it was incomplete. But the dev team, to their immense credit, has powered out a ton of improvements and wholesale changes to the game to make it whay we all expected.  I've only got 58 hours in the game but those are some of the most chill, interesting, and unique hours I've spent in any game. You can do most anything you'd like at this point, as of 1.32. Grab a beer, relax, and go explore the universe these guys created.",2017-08-11__2029990_official_Update 1.3 Atlas Rises.txt,7,5.6653857,matched,34385700,english,True,7,0,0.541284441947937,,,False,False,2017-08-21 01:25:09,76561197985291472,326,31,45400,8844.0,,,Update 1.3 Atlas Rises,2017-08-11,True
37,"I've played a fair bit of the game, and I played more than half of my 135hrs to date in 1.0, the rest in the updates. These are my short, effective points so far;  - The game was not worth its current pricetag at launch. It was poorly implemented and was missing a lot of what was promised.   - Hello Games took a LOT of vitriol for that, but they took that to heart, and kept their mouths shut, their heads down, and kept working. They did not give up on this game.  - The game has been updated repeatedly since then. Each patch has vastly improved the game and brought new content. Each initial patch has brought some level of bugs, but they get patched fairly quickly, before more content comes in.  - The game today is not even close to what it was a year ago. The game is much better, has much more to do, and is much more enjoyable.   The best advice by far for this game it to ignore the reviews, look at the bare basic decription. If that sounds appealling, give it a go. I doubt you'll regret it today, even if you did a year ago.",2017-08-11__2029990_official_Update 1.3 Atlas Rises.txt,3,5.6653857,matched,34200989,english,True,3,0,0.5232903957366943,,,False,False,2017-08-12 22:12:41,76561198028284157,90,2,35146,9693.0,,,Update 1.3 Atlas Rises,2017-08-11,True
38,"Updated review as of July 24th. 2018  Is it for everyone?  No.  No game is, come on.  Did they misrepresent the game at launch?  Well, they definitely had communication issues. Have they been solidly delivering content updates and not only working toward their initial promises but also improving the game?  Yes indeed.  I am one of the few people that actually loved what we got with launch.  That said, my interest definitely dropped off after about 30 hours of play, which was still worth the cost of the game to me.  (I compare game prices to movie prices and also say to myself, ""Did this keep me $X worth of entertained?"") Update before last added quests and other features, I dig it.  I picked the game back up and played it almost the same amount that I did at launch, AND I didn't feel like my interest was dropping off any time soon. Newest update added significant new graphical update, massive improvements to how planets look, and honest to goodness MULTIPLAYER!  (if you launch in single player you still have to get to each other.  Otherwise launch in Multiplayer and join on your friends already playing.)  Buy if you enjoy: Space and planet exploration Mystery Solitude Sometimes goofy looking alien life Crafting and crafting related challenges  Do not buy if you expect: Handholding/direction on what to do.  Aside from the basics, you do not get spoon fed anything, plot your own course, pick your quests, make your own choices!  Exceptions for Expedition content. Really Good space combat.  Combat is there, and it's fun enough, but it doesn't really compare to games dedicated to it. Smooth gameplay on an old clunky PC",2017-08-11__2029990_official_Update 1.3 Atlas Rises.txt,5,5.577553,matched,34558323,english,True,5,0,0.5,,,False,False,2017-08-28 17:41:30,76561197994926007,1722,109,55612,3669.0,,,Update 1.3 Atlas Rises,2017-08-11,True
39,"Actually, I said I would never ever, and I mean never ever buy this game. Over hyped and over priced junk. However, it went on sale, and the new update released (1.3) and I caved.   This game is surprisingly good. I couldn't put it down today. Played almost 8 hours in the last 24 hours. Little grindy but very relaxing and fun. Inventory management is a pain, that is my #1 complaint. I think it's worth getting if you can get it on sale.",2017-08-11__2029990_official_Update 1.3 Atlas Rises.txt,6,5.577553,matched,34247153,english,True,6,0,0.5486935973167419,,,False,False,2017-08-15 01:42:42,76561198045110804,182,14,3544,1104.0,,,Update 1.3 Atlas Rises,2017-08-11,True
40,"I have thought long and hard about whether I should write a review for this game or not because, frankly, I suspect the people that don't like it will never like it despite the remarkable amounts of improvement, work, and love that have gone into it since launch.  But...well, here goes.  I was one of those crazy people who bought the game on the release date for full retail price.  I am also one of those people who did not board the hype train and just took the game as it came.  I did not regret the decision to pay $60 then, and I certainly do not now.  NMS was and is as close to the game I have always dreamed of, even in its infant state from August of 2016, that has ever been developed.  Exploration.  Free will.  Mysteries.  Puzzles.  Millions of potential destinations.  Oh, and I get to be an astronaut.  I simply don't understand the hate train that is still going for this game.  I probably never will.  So many new features, storylines, quests, quality of life upgrades, and (finally) a multiplayer option have been added since the game's launch.  It's stupifying amounts of fun.  I find myself dreaming about my home planets, tasks, quests, goals...I even nominated it for the ""Haunts My Dreams"" Steam award.  If you are into space exploration, space science, sci-fi, or totally open sandbox simulations at all, you need to buy this game.  Right now.  Seriously.  Stop reading and click purchase.  You will not be disappointed.  Are there stilll the occasional bugs and issues?  Of course there are.  Go pick up any Bethesda or EA title and tell me, even after months of testing and development, that you have a totally bug-free gaming session.  If you want a game that will scratch your galactic itch and keep you jumping to system after system, the excitement of seeing what's next and the idea that you are going to see something no other pair of human eyes has ever seen tickling your hippocampus constantly, this is the one you've always wanted but may not have realized you did.",2017-08-11__2029990_official_Update 1.3 Atlas Rises.txt,3,5.577553,matched,37211990,english,True,3,0,0.5040420293807983,,,False,False,2017-11-23 21:42:27,76561198316400894,0,8,73790,31674.0,,,Update 1.3 Atlas Rises,2017-08-11,True
41,"I am sure that I am not the first to point this out, but this game hase improved a lot since its launch, and it will only improve from here. Currently, I find the story enjoyable. Though it could use a bit more. More destinations that is. I think that there is currently just not enough reason to explore. If you are not convinced that it is worth a buy now, wait until the ""NEXT"" update. For me, the addition of multiplayer will provide what is missing, games are allways better with friends.  (Post ""NEXT"" Review): They did it. They definately did it! They pulled off the biggest comeback in gaming history! If you don't want to buy this game now then who are you?  (A little later): I am addicted now. The multiplayer is great. A+  (Post 1.7): Wow they just keep coming out with new free content dont they?  (Beyond): Bruh, just buy the game already.",2017-08-11__2029990_official_Update 1.3 Atlas Rises.txt,3,5.577553,matched,42912546,english,True,3,0,0.5238095521926879,,,False,False,2018-06-21 23:32:43,76561198158709796,0,5,16270,8935.0,,,Update 1.3 Atlas Rises,2017-08-11,True
42,"[h1]I don't recommend No Man's Sky, even though I can't help but like it.[/h1]  I was there when it launched, I played for over 400 hours, and I definitely had some fun with it. But I just can't recommend it in 2021. The game keeps getting better and better with each new update. And Hello Games went above and beyond when it comes to fixing the game. They keep adding more features, new content, extra variety, and they're fixing bugs as well. Seemingly set on fulfilling all of their fans' fantasies. They didn't run off with the money like most AAA companies do, even despite multiple death threats and overwhelmingly negative reviews at release. And I can't praise them enough for it. I wish more developers were as passionate and hard-working as the people from Hello Games are.   No Man's Sky has a special place in my heart, I liked it even when it came out all broken and downgraded. It always gave me a sense of tranquility and inner peace. Just walking around and listening to the music, looking for the next interesting thing in the distance. Taking screenshots and slowly building up my base - it's a pretty unique feeling. And there's a decent amount of things that you can do. Here are some of my favorites:  🟢 finish all the main storylines 🟢 unlock all inventory slots and fully upgrade your suit 🟢 find the best ship and multi-tool and then upgrade them as well 🟢 build a big base and learn all the blueprints 🟢 max out your relationships with all the alien races 🟢 get the best freighter and all the frigates 🟢 become an intergalactic billionaire 🟢 visit at least one of each planet type 🟢 ride some animals and cook some foods 🟢 complete Nexus missions and unlock all the quicksilver items 🟢 customize your character's appearance 🟢 grow your own living ship and fly around in it 🟢 scavenge an abandoned freighter 🟢 construct and upgrade all the terrain vehicles 🟢 manage a flourishing settlement 🟢 get a maximum wanted level on foot and in space 🟢 explore the deepest oceans and find the weirdest looking anomalies 🟢 take advantage of the photo mode 🟢 unlock everything and collect at least one of each item in the game  https://steamcommunity.com/sharedfiles/filedetails/?id=2626396217   But no game is perfect. And, unfortunately there are massive downsides to consider as well. Many of which are too big for me to ignore:  🔻 terrible story, very boring, a lifeless cliche 🔻 no memorable characters or lines of dialogue 🔻 everything is text based, extremely dull and uninspired 🔻 instead of seeing a character punch you, your screen flashes red and you read about being punched, that sort of thing 🔻 there is no voice acting or cutscenes or even first-person hands/body 🔻 you're just a floating gun with no personality because your choices have no meaning 🔻 very buggy and often requires googling solutions 🔻 extremely dated visuals, even on the highest settings and using enhancement mods 🔻 most choices are either ""proceed"" or ""postpone and do it later anyway"" 🔻 boring achievements and in-game challenges 🔻 repetitive gameplay loops, doing the same thing over and over again 🔻 awful animations, lots of clipping and lacking in impact (this is one of the worst offenders in my opinion) 🔻 Unreal Engine 3 makes everything look like plastic 🔻 bad draw distance, things constantly popping up right under your feet 🔻 multiplayer is terrible, everyone is cheating, and I recommend instantly disabling it 🔻 there's no online anti-cheat or security, people can just force resources into your backpack or use mods that change the rules of the game 🔻 timed expeditions that offer exclusive rewards, and then locking that content out (FOMO for some people)  https://steamcommunity.com/sharedfiles/filedetails/?id=2626396179  I understand that at it's core, No Man's Sky is still a single-player game. And it's every player's choice on whether to cheat or mod their game. I used some visual enhancements myself, and I'm glad Hello Games is cool with people modding their game. Moreover, if you're OK with all the downsides I listed, and you still want to play it - go for it! It's not a bad game, I'm just very conflicted about it.   Even though I still like No Man's Sky, I secretly wish that they would just stop updating it. Make No Man's Sky 2 instead, with an engine from this decade. And a proper story with a bigger emphasis on player choice and emotional impact. Invest some of that money into better animations and bug fixes. You've done the impossible once, maybe you can do it again. With a team as determined and creative as Hello Games, I'm sure you can pull it off. But for now, this is where I say goodbye to No Man's Sky.  https://steamcommunity.com/sharedfiles/filedetails/?id=2628855466",2017-08-11__2029990_official_Update 1.3 Atlas Rises.txt,6,5.577553,matched,39127065,english,False,6,1,0.5970146059989929,,,False,False,2018-01-06 18:36:13,76561198067635275,0,113,24995,24995.0,,,Update 1.3 Atlas Rises,2017-08-11,True
43,"I was very eager to play No Man’s Sky when it came out in August 2016 -- not because of the hype, but because of the ability to fly around in space, land on a planet, explore and discover alien creatures, only to return to space and visit another planet intrigued the nerdy kid side of me! I put down the game around Halloween 2016 to kill zombies and play other games relevant to the season. I forgot about NMS until I picked it up in June. I was really enjoying getting back into the game, building a base, and working through the Specialist missions. I had exocraft pads on several planets, was about to start farming, and had plans to save up for a freighter -- and was ready to give the game a glowing, thumbs up review.  That was all before the Atlas Rising Update; this game is no longer simple, chill, or enjoyable!! While the Update has added a few cool new features (like side jobs and improvements to the in-flight radar), much more has been introduced or modified that makes the game a complex mess!. The arbitrary changes to resource names, unnecessary modifications to the Analysis Visor and the interaction interface, the Mr. Fix-It interface to open Cargo Crates & Damaged Machinery [that pulls me out of the game a little], the unwelcome changes to the Discoveries menu, the addition of factions/guilds and system economies, the general wonkiness of flying a ship, and the loss of all the Specialists in my base - and resetting my progress with them - makes me very upset & annoyed! Game updates shouldn’t change things this much… especially for a game not in Early Access!!! (And I thought switching to Iron to recharge the Pulse Drive was going to be the worst change introduced by an update!?)  Actually, with the latest update NMS is giving me EVE Online vibes. EVE was a boring, complex mess that I quit playing after a few months. But, to be fair, EVE updates didn’t change things so drastically.  I’ll move on to other games on my To-Play list. If I do ever come back to NMS, it will be a long way down the road and only after I get the taste of alienation out of my mouth!  EDIT: 10/31/2019 I reinstalled the game to give it another shot. After a couple hours I just couldn't get into it. The game may look & feel better... but it still doesn't excite / intrigue me like the original",2017-08-11__2029990_official_Update 1.3 Atlas Rises.txt,4,5.577553,matched,34241192,english,False,4,0,0.5089017152786254,,,False,False,2017-08-14 18:44:47,76561198178644462,370,32,8523,7911.0,,,Update 1.3 Atlas Rises,2017-08-11,True
44,"Review update:  It's been over 5 year since my review. At the time of writing they had done their 3rd mayor free update. A few days ago they released their 21st (!) major update for FREE. There is no sign of stopping. These developers are RELENTLESS in their persuit to update the game. It's not longer just exploring and base building (which both also have improved). You can manage a town, manage your massive fleet or big ships, be a pirate, scavenge abandoned freighter ships, play a roguelite mode and much much more. The graphics have been updated several times, better graphics options added, planets have been made to be more diverse including the wildlife.  Most other games would have asked money for this content in the form of many years of season passes. These updates are FREE. Every.....single....one! There must be a catch right? For there are cosmetics in the game. Surely you'd have to buy premium currency for that? NO...SORRY that currency for extra cosmetics can only be earned by daily and weekly missions in the form of quick silver.  You buy the game once...everything is included for free. Making it one of the best deals in the industry. Hello Games....thank you for making me feel valued as a player and paying customer. You've become a absolute prime example of how the games industry should treat the player.  Original review below. ------------------------------- These guys made lot's of promisses for a hyped game and when the game came out they did not deliver. For a long time it's been ""No Man's Buy"" for me. They could have easily take the money and ran and lived their days in infamy. Did did not do this however, it seems they are serious about this game and believe in it.   Now with this latest frankly huge update the game looks what it needs to be. And the update is also free, they could have sold this as DLC also but didn't.   I respect that and wanted to buy this game because of that sending a message that this kind of behaviour of a developer should be rewarded.  The game is a lot of fun now but you have to like exploring and base building because if not this game is not for you.",2017-08-11__2029990_official_Update 1.3 Atlas Rises.txt,6,5.577553,matched,34314435,english,True,6,0,0.5535714030265808,,,False,False,2017-08-17 20:15:00,76561197965249531,2375,85,23840,876.0,,,Update 1.3 Atlas Rises,2017-08-11,True
45,"Worth $60 now? Not really, but the recent updates are a definite step in the right direction. However, no matter how many updates come out, this is definitely not a game for everyone.   PROS: -A practically infinite, procedurally generated universe to explore -An advertised 30-hour storyline -Side missions to keep you occupied while exploring -Base building that is woven into the story -Limited multiplayer allowing you to run into other players, as well as come across their bases and discoveries -Relaxing music and atmosphere -Multiple difficulty levels that caters to more hardcore and casual playstyles -Regular patches and updates -Mod support  CONS:  -Gameplay can be grindy and repetitive  -Every system has a space statiion, ruining the sense of isolation -When flying, the game will try to adjust where to fly for you to prevent you from crashing. This doesn't always work out, and usually just prevents you from going where you want and you end up crashing anyway. -Procedural generation can yield pretty odd results -Mission objectives tend to just be fetch quests -Inventory management can be a chore, especially during the early game -Despite regular patches, the game still has its fair share of bugs   Despite a horrible launch, Hello Games has shown that they care about the future of No Man's Sky. I believe that even on launch day, there was a good game deep inside here, it just needed refinement to show. As of 1.3, No Man's Sky is beginning to find its identity, and is starting to deliver the potential it showed on launch. I picked up the game on sale last week, and have enjoyed a good majority of the 50 hours I've clocked in on it. For this reason, I feel it's safe for me to recommend this.   HOWEVER, I do NOT believe this game is worth $60 yet. There is still more that needs to be expanded upon before I can safely say that. If the price drops to around 30 or 40 bucks, then I say go for it. There's plenty of content here to make you feel like you've got your money's worth, but it's still not anything groundbreaking, and still has its fair share of problems.   As I've said, this is a game that definitely isn't for everyone. Combat takes a back seat to the exploration and resource gathering here. This is advertised as a chill exploration experience for good reason; it's more Star Trek than it is Star Wars. If you enjoy walking sims, survival games, exploration in Elite: Dangerous, and games similar to Minecraft, there's a chance you'll dig this game.",2017-08-11__2029990_official_Update 1.3 Atlas Rises.txt,2,5.577553,matched,34428643,english,True,2,0,0.5238095521926879,,,False,False,2017-08-23 03:01:15,76561197971929019,1054,62,10227,3018.0,,,Update 1.3 Atlas Rises,2017-08-11,True
46,"Great game! I know this game started out with a lot of unfulfilled hype, but in the time since its launch, the features that were desired have been added (with the final features to be added with the NEXT update on July 24th).   Having played the game for over 500 hours in a month ands a half, I have experienced almost no bugs or problems. I have greatly enjoyed my journey in NMS. The story is good - not mind-blowing, but decent. The gameplay is relaxing most of the time, but with plenty to do, quests to complete, and places to explore. If you are the type of player who can set goals for yourself, enjoy gathering, survival, building, exploring, and so forth - this is the game for you!   On the other hand, if you need to have someone hold your hand, constant story, or punishing PvP - don't bother. That's not to say that PvP isn't in the NEXT update - it is! But it isn't designed to be punishing. NMS is primarily designed to be a cooperative game. Sure, you can kill othewr players, but the rewards aren't going to be that great, and the punishment to the other player aren't going to be that significant. This won't be a game where you can ""camp newbs"" and enjoy griefing others. If you need that, go play Eve: Online. Great game specifically designed for that sort of play. Which is why I hated it. I am not a big fan of PvP. I don't enjoy griefing, or being griefed. That's just not my style of play, and I don't enjoy it. But some people do - and that's fine for them. I'm glad that there are games out there that they can enjoy. But this isn't one of them.  So if you enjoy exploration, building, gathering, survival, challenging and setting goals for yourself (there's even a permadeath mode, if you want to really punish your mistakes) - this is a great game! If you want to reward a developer that didn't have to stick around and work hard to make up for their mistakes - this is a good opportunity to do so! Hello Games could have taken the money and closed down when they started to get death threats over the things that weren't in the game. But they didn't. They stuck around and worked on getting those things in. Now, I'm not saying that they shouldn't have done a better job back in 2016. I'm saying that they didn't take the easy way out. They stuck to it and put in what was missing. Not every game company does that. Just look at all the abandoned Early Access games on Steam.   Personally, I'm enjoying NMS. I will likely be starting a brand new playthrough come the new update in a couple days. I think that it will be a fantastic experience!  Note: I've seen some reviews complaining about how they can't seem to get the game to run well on their computers. I find that odd, considering that I got my computer back in 2012, and it runs just fine. Sure, I've upgraded the video card to a GTX 1080, but if people with fancy, flashy, gaming computers are having problems... either there are driver issues, or something is going on. I have yet to have any performance issues.",2017-08-11__2029990_official_Update 1.3 Atlas Rises.txt,5,5.4910803,matched,43667237,english,True,5,1,0.5047341585159301,,,False,False,2018-07-21 19:42:29,76561197999616803,830,21,47538,32131.0,,,Update 1.3 Atlas Rises,2017-08-11,True
47,"Day one player here.  I liked the game at release, and it keeps getting better.  Get it on sale, and don't look back.  The devs have added so much, and are not finished.    The most amazing part about this game is the concept of the 18 trillion planets, and the procedural generation.  The cynical may say that 2 hours in, and you've seen everything.  I will admit that I leave a lot of planets within ten minutes, but I may be losing out.  I have hundreds of hours now, and still find novel things, and lots of awesome sights.  Then you think, once I leave, it's likely that no one will ever see this planet again.  It's kind of profound and humbly for a video game.  If this sounds cool to you, it's worth the $60.  It's definitely worth $25.  Compared to discovering a unique universe, what's a couple of bucks?",2017-08-11__2029990_official_Update 1.3 Atlas Rises.txt,2,5.4910803,matched,34202028,english,True,2,0,0.5454545617103576,,,False,False,2017-08-12 23:23:00,76561197970893156,125,1,64126,22357.0,,,Update 1.3 Atlas Rises,2017-08-11,True
48,"You might be surprised at some of the things I don't regret doing. One of them was buying this game at launch at full price. Whether it had to be released by a deadline according to a contract, or because the development team ran out of money and had to release [i]something[/i] to keep from starving, the game as it was caused . . . several . . . people to raise the perfectly valid complaint that the game felt unfinished. Some even leveled the accusation, now all but proven false, that the development team were greedy liars. If the developers had enough time to make and release the game as it exists today, no one would have complained. If today's No Man's Sky was the first release of No Man's Sky, the mountain of negative reviews on this page would not exist. If this was the first version of the game the world at large knew, it would have been praised by perhaps not all, but a substantial portion of the haters. Now, obviously, that's not what happened, and the existence of previous versions is now a canon part of the lore, but you shouldn't judge a game by what it was, you should judge it by what it is. No Man's Sky is beautiful. No Man's Sky is thrilling. No Man's Sky is compelling. No Man's Sky is just a little scary now and then. No Man's Sky is complete. But that's not to say No Man's Sky is over, not by a long shot. No Man's Sky is back, and it's here to stay.",2017-08-11__2029990_official_Update 1.3 Atlas Rises.txt,7,5.4910803,matched,34223153,english,True,7,1,0.5293660163879395,,,False,False,2017-08-13 21:26:20,76561198166190138,0,3,15799,10492.0,,,Update 1.3 Atlas Rises,2017-08-11,True
49,"I was hyped for this game at launch like everyone else. I was skeptical and demo'd the game before buying it. While it was clear that it didn't deliver on its promises, I still found the game fun for what it is. I played it for a good 13 hours straight. I eventually got bored and moved on and have been quietly following its progress hoping to see what future updates brings. Every update is a step in the right direction and I can honestly say with the Atlas Rises 1.3 update, No Man's Sky is starting to feel like what it should of been. I was excited for it and saw the sale and $24 seemed like a steal. So far I have been enjoying the hell out of the game. Still not worth the $60 price tag but its an amazing game when its on sale for at least $30.  If you enjoy exploration games then I can currently recommend No Man's Sky to you. If you didn't even get any enjoyment of it at launch, then most likely this game isn't for you and you probably should avoid it.  Yes, I understand all the drama at launch, yes I understand its a ♥♥♥♥♥♥ thing. Hello Games will carry that burden for the rest of the company's days. But I am proud of them for turning No Man's Sky into a better game than it once was and sticking with it despite the backlash. It takes a lot to take the heat and still strive to improve.  No Man's Sky still has a road to go until all the promises are delivered, but I can't wait to see future updates and to pour more hours into a game I can finally find enjoyable.",2017-08-11__2029990_official_Update 1.3 Atlas Rises.txt,3,5.4910803,matched,34258284,english,True,3,0,0.5646397471427917,,,False,False,2017-08-15 15:40:55,76561198046258335,216,12,5674,138.0,,,Update 1.3 Atlas Rises,2017-08-11,True
50,"Preface:  I pre-ordered No Man's Sky and I won't get into the philosophical debate as to who said what/when/how/why many people balked at the game after its release. I pre-ordered the game expecting exactly what I paid for at release. A walking sim in a procedurally generated universe with some space travel and stuff to explore. I DID NOT expect it to have multiplayer...or craftable bases...or vehicles outside of shipe for interstellar travel...or even a marketplace of any kind. What I knew was that I was going to be dropped off in some backwoods, probably uncharted, neck of a galaxy with nothing. No instruction manual, no guides...truly alone and free to explore MY game. Statistically I shouldn't have been able to find anyone, so I could play the game as it was sold to me. Alone in the universe. There is no winning the game. It isn't even the point of the game. It was made to explore. Statistically, the population of the game at launch was zero and remains zero. I'll come back to that statement in my review which is as follows...   Cons: No ""instruction manual"" is provided with the game. You are completely in the dark with regard to everything, which includes base building/weapon upgrades/ship upgrades/inventory management/mostly commonly needed materials to keep you alive. Base building is not as intuitive as it could be, so practice what you want in creative mode. Inventory management, though greatly improved, is still a monster to deal with in early game as you have to purchase inventory expansion slots (which have been immensely expanded since launch), which requires you to scan everything and upload it as well as mine a great deal of materials to sell in order to purchase the expansions. The oceans look like garbage compared to release. Hello Games needs to fix the garbage that is the surface of oceans. Ship handling can be a bit of a trial as different ships handle differently to noticable effect. There is ""was"" a huge learning curve with regrd to all these things, but many QoL patches/Wiki's/Forums since launch have made it much less daunting. Everything is useful in the game, which often leads to overstuffed pockets causing a inventory management crisis. If you run a mod that substantially changes planetary formation and star density, do not expect anything to be where it was, or the same size and type it was before mod removal. Yes, I have lost planets and have also saved game on the surface only to log in within a planets core with the only hope of escape being reloading a previous save. The games price point is too high, especially for a game that is almost 2 years out. Players really should have customizable avatars but do not. Lastly, THE HATE IS REAL! If you purhase this game and enjoy it, a multitude of people unsatisfied with it at launch, will harass every forum (almost daily) stating why you shouldn't like it and the specific reasons why you are an idiot/sheeple/got conned.   Pros:  The player community is real. The people who have stuck with this game have built upon it and improved the experience for everyone involved through creation of mods and easily accessible guides to ease new players into the game. There is no instruction manual to this game and that is a Pro. The graphics are crisp and stylized, The creatures DO NOT walk on their heads or other ridiculousness that I have seen evidence of of. I never had an issue with the game graphically or with the procedural generation of the entire game. Stalking creatures stalk, docile creatures will attempt to kill you if you attack their young, some creatures travel in family units while others are loners. The game supports Mods and there are quite a few really nice ones. There is a terrific story to the game that you literally have to find and put together yourself. You can build bases on freighters and own up to 6 ships which can dock on your freighter. There is quite a bit of variation with regard to ships and the weapon you carry. There are NO MICROTRANSACTIONS. All updates have been free. You can call your ship to you from anywhere on the planet, including the freighters. Inventory management is much better. And lastly, there isn't (FIXED since to original review) multiplayer. There are those who swear off this game because it didn't have it and realistically, at the time of launce, no one should have thought it was going to be there. The population of the game remains a zero sum. A percentage of this game that is so close 0% that it could be read a zero. Why would anyone think a game with zero players in an almost infinitely large space would have multiplayer functionality? which is another Pro to some: they added multiplayer functionality to the game. The game is as easy or hard as you'd like to make it. The story is written in fragments written by 5 different ""civilizations"" and it is incentive to looking for them.  It is a walking sim with space exploration that allows YOU to make all the decisions. Don't care about story then that is fine. Don't look for one. Want to kill every living thing on a planet, you can do that also. If you DO want to find these things...its all there if you want it to be. I really enjoy this game and recommend it to everyone.",2017-08-11__2029990_official_Update 1.3 Atlas Rises.txt,112,5.4910803,matched,40908684,english,True,112,8,0.6458950638771057,,,False,False,2018-03-18 21:54:17,76561198265106422,0,1,188151,82192.0,,,Update 1.3 Atlas Rises,2017-08-11,True
51,"I love open-ended exploration games, and space games, and sci-fi games, so after watching No Man's Sky for a long time I finally dove in after the latest updates and an upswing in positive reactions. What a disappointment. There is no feeling of exploration because the universe is so homogenous. Yeah, I can fly to the next planet over there and the one after that, but why bother? Every planet is almost, but not entirely quite like all the other ones you've been on. This would be ok if the mechanics are interesting, but they're not. Boring. Repetitive. Pointless. No feeling of exploration or purpose. I expected it to grow on me, and tried really hard to allow it to, but in the end it was just a waste of time and money.",2017-08-11__2029990_official_Update 1.3 Atlas Rises.txt,12,5.4910803,matched,36429780,english,False,12,0,0.5434909462928771,,,False,False,2017-11-10 23:31:50,76561197971115509,0,15,4204,604.0,,,Update 1.3 Atlas Rises,2017-08-11,True
52,"♥♥♥♥♥ good, the updates really added a lot and im glad hello games never gave up on their dream  edit about a year later: they're still updating the game and making large improvements, and are even adding the feature everyone wanted but we didnt get: multiplayer.  the game launch was a dumpster fire, but hello games has really redeemed themselves and showed that they are a good developer by keeping the game updated even when the entire online community hated the game.",2017-08-11__2029990_official_Update 1.3 Atlas Rises.txt,1,5.405949,matched,34201851,english,True,1,0,0.5,,,False,False,2017-08-12 23:10:26,76561198124638119,470,28,9414,3574.0,,,Update 1.3 Atlas Rises,2017-08-11,True
53,"Glad I waited for $23 and 1.3 patch.  There's a Bizzaro-World image of NMS.  It's called ELITE: DANGEROUS.  It, too, has this massive, procedurally-generated galaxy.  It, too, uses procedural rules to generate much of its content.  And it, too, is a mile-wide-and-inches-deep design; e.g. a very repetitive core gameplay loop.  But, unlike NMS, its main focus is one ship combat/upgrades and trading.  Exploration is given short shrift in ED, and building is nonexistent.  Resourcing gathering is a sad, grindy pastime required for PvP competitiveness.  Yes, PVP.  NMS swaps that around.  Ship combat/upgrades are as light as a feather.  Only a fool would try to establish a ""profitable"" trading loop in NMS, thanks to the difficulty of warping between systems.  NMS is all about exploration, resource gathering, and base building.  And, unlike ED, there's a barebones tutorial/story to take the place of any PVP activity.  Like I said, mirror images of each other.  One all po-faced and military and stuff, one all full of bloom and shiny things and goofy alients.  If someone would, someday, mash the two games together, that would truly be a reason (along with being able to perform oral sex on oneself) to never leave the house.",2017-08-11__2029990_official_Update 1.3 Atlas Rises.txt,4,5.405949,matched,34243793,english,True,4,0,0.5509789586067199,,,False,False,2017-08-14 21:24:19,76561197966163463,0,84,37333,2497.0,,,Update 1.3 Atlas Rises,2017-08-11,True
54,"I purchased the game after a couple updates for a sale price around $35. At that point, the game felt worth that price.  With the 1.3 update, No Man's Sky finally feels like what I want it to be. There are still some small places I would change, but the game is a lot of fun. The questing system gives new purpose to a game that was previously all about exploration. For the current $24 price, I would definitely pick it up. For the full $60 price, I would hesitate unless the exploration aspect really speaks to you.  Make no mistake, Hello Games hasn't given up on the game and it isn't the same title that we saw at launch.  edit: And with 1.5, the game is basically brand new. Like I said, HG hasn't given up on the game.",2017-08-11__2029990_official_Update 1.3 Atlas Rises.txt,3,5.405949,matched,34182116,english,True,3,0,0.56521737575531,,,False,False,2017-08-12 03:02:00,76561198003304403,488,6,8736,4733.0,,,Update 1.3 Atlas Rises,2017-08-11,True
55,"You'll get almost all of the value out of the game in the first few hours. After that, it's boring repetition. This isn't like Minecraft in Space. You mine for things, but you can only repair things or build things if you have blueprints for it. They added a few new things with some free content patches, which essentially put into the game things that were supposed to be there in the first place, but there are still advertised features missing.  It doesn't run all that well, and there's really nothing to do. The aliens you meet are meaningless. The technology you get blueprints for is meaningless. There is no significance to anything other than get stuff so you can get more stuff so you can leave it behind when you leave to get more stuff in the next place, as you go toward the center, where then you'll just repeat the cycle, over and over.  I cannot, in good concious, recommend this at full price, or even half price. The new content does not add enough to justify the price. The combat is poor and the enemies are dull. The proceedural generation means large amounts of nothing, between animals and plants that all look the same, to rock formations that look the same, to caves full of random crystals you don't need. Nothing in this game is anything but lonely boredom. And maybe that's it's message, but that's not fun, and that makes it a terrible game.  Not only at this price, but at the cost of your wasted time.",2017-08-11__2029990_official_Update 1.3 Atlas Rises.txt,11,5.405949,matched,34228295,english,False,11,1,0.4146924018859863,,,False,False,2017-08-14 04:04:54,76561197994433961,0,46,848,694.0,,,Update 1.3 Atlas Rises,2017-08-11,True
56,"NOTE: I bought this game at the onset of Atlas Rises Update, and am now updating this review as of 9/23/21.  I was told about this game from a friend of mine who also plays open world survival games. I have a deep love for the genre and its provided me countless hours of enjoyment in virtual worlds. When the release date actually arrived, I found myself caught in a dilemna because it became readily apparent just how much of a stir Hello Games prompted but didn't deliver. I felt that the community reacted very poorly to it. I didn't purchase it back then.  If there is one thing that life has taught me in all my years is that is okay to let things cook for a little while longer in the event you find them mostly incomplete. In the age of Pre-alpha and beta games (I refuse to buy into them) I've really noticed a hot trend of garbage games coming into their own over time. That is usually when I'll buy into them. This also allows me to skip and fast forward past the Content Zergs who overload servers and then leave and go whine on the forums why things didn't work out for them. I just can't be a part of that anymore. Coincidentally I also never see movies on opening night either.  I'm so glad I waited. While I do notice that large groups of vocal folk will pass this game over because of its procedural generation (a common complaint is how random but formulaic procedural generation is, and they'd be correct to say so.) the real reward in my humble opinion is on the strange and rare occasions where things just fall into place. That's the real gold and often the food for some of the most wonderful screenshots that players conjure. Sure you'll run into a droning system of odd analogues but then there's always that one memorable system that totally jumps at you. Those are fun feels for creative people, and I consider that my meat and drink in No Man's Sky.  The Good is that many difficulties and goals are now overcome, and the developers (Sean Murray included) continue to press on and make their game better. In a year if I look back, I wonder how far have the changes gone? Will I even recognize old haunts anymore? There are already reviews in play that already say so from a year back from players that bought in at launch. Multiplayer has been finally realized, and while shaky at first, it's become a pretty solid addition to the game.  Also, the fact that ships are also highly customizable and can be built from the floor up (although not from scratch im afraid.. missed opportunity here!) from their basic model shows that this aspect has come a very long way.  There is a fair amount of tradeskilling, from basic components to whole base structures and this was some fantastic icing on an otherwise very bland system that it had in Atlas Rises.  The Bad is that there are still some bugs that really impact the little things. Collision and hit box sizes can be janky but mostly not harmful unless you find yourself slipping through the terrain (or your ship) into the netherworld. Procedural generation has had several upticks in what it can do, but somehow I can come across creatures from multiple different planets and star systems, yet are still eerily familiar.  I'm looking at you, flying sky crabs!   While I enjoy the idea of being able to now tame and ride pets, I find them somewhat not terribly useful.  It's actually quite more rewarding to tame things you might never use except for cute value.  Also, customizing your pets doesn't seem to really add much outside of aesthetics.  Hello Games should likely look into this in future updates so they can actually mean something.   The currency system is decent, and I find myself easily able to restart old saves without having to worry about older currencies becoming obselete.  No matter how much cash you think you have, it will go.. and fast!  The Ugly is when the new and the old community clash. That's really the only thing that goes beyond reason for me. Listening to the complaints of the first buyers and the overly whiny negativity gets old really fast. Many of those folks just haven't gotten over their own disappointment. Troll Culture is en vogue and critique with thoughtlessness brings everything down; even things you might normally enjoy. Negativity is viral. Wait for a sale if you are skeptical. Never, ever read the comments.  As of Frontiers, the doomsaying and negativity have taken a much deeper back seat.   [Everyone Liked That].  At the time of my initial review, was clocking in at 340 hours with this game, and I've completed all the main and side quests. I'm not filthy rich, but im comfortable enough to spend most of my time tweaking my basebuilding skills, or just exploring. I'm an avid shiphunter. The theme and the story are very much couched in existentialism. You're an explorer in a vast universe. Why are you there? What are you doing? If those are not questions you are willing to wrestle with in No Man's Sky, then the game might not be for you.  At the time of my current review, I have clocked in over double the old time and I am filthy rich now, but somehow the questing has taken a back road.  I've missed some things in some of my playthroughs, and I find old quests tend to get reset pretty often if you delete old bases and backtrack locations yield new positions for those quests.  This sometimes confuses me, but I feel this is likely the result of having to find ways to reconcile old and new content.  I doubt it is going to roadblock brand new players when they first join the game.  But to re-iterate, the vastness is compelling when it does come together. Warping over to the next galaxy hoping to see and interact with something unique? Suddenly, a violent storm or attack sends you on a spiral? The best times in the game for me are when I'm struggling. If that has any appeal to you, then No Man's Sky is definitely for you.",2017-08-11__2029990_official_Update 1.3 Atlas Rises.txt,8,5.405949,matched,35248699,english,True,8,0,0.5532044172286987,,,False,False,2017-09-27 20:13:52,76561198027984711,174,14,58940,21471.0,,,Update 1.3 Atlas Rises,2017-08-11,True
57,"It's not a bad game, it is just not a good game. I am glad I got it on sale, it is NOT worth the $60 retail price, it is not an AAA game by any stretch of the word. If you can get it for 50% off or more, it is worth the price.   It breaks no new ground, it is not really a building game, it is not really an exploration game, it is not really a survival game, it is not really a space/economy game, it is not really a space fighting simulator. Yet it is all these, but because none of these things are done well, it falls very flat.  It is illogical in play; the NPC are lifeless and random. The planets all looks the same after a few are explored. The building is limited. The mining is repetitive. The economy trading is not based on any logical system I could determine. The story is lackluster and trite. The ideas are all recycled. The graphics are generic and repeated over and over.  But at the same time, it doesn't really fail at any of these things either. Although I am lead to understand I am playing it after much more additional work has been done, and it was much worse at launch.  I dislike only having an up or down vote for it, as it is 'meh' great way to waste some time.",2017-08-11__2029990_official_Update 1.3 Atlas Rises.txt,8,5.3221374,matched,34513234,english,False,8,0,0.5177764296531677,,,False,False,2017-08-26 20:05:44,76561197988629566,0,61,5274,3963.0,,,Update 1.3 Atlas Rises,2017-08-11,True
58,"When I first heard about this game, I couldn't believe how amazing it was! Upon release, I found it had so many flaws, so little to do, and so little worthwhile anything. Base building didn't exist, you couldn't fly those big cool ships, no land vehicles, and you couldn't even dig into the terrain! Fast forward to August 11. I found out that No Man's Sky had a third update. I heard about base building, but wasn't aware of pathfinder or Atlas Rises. To be completely honest, when I first saw the reviews for this game, I wasn't to happy with Hello Games, and Sean Murray. They seemed like another evil company that promised so much, delivered so little, and abandoned the project without another word. One year ago I learned different. I learned that despite all the negative criticism, despite the faults at launch, this game is still being worked on, still being supported, still having things added to it. The list of features that I so desperately wanted in this game, are now here! Even now, they just pushed out another update, and I thought it would be lame and just be a multiplayer thing, but now I see so many more changes than before. You can build bases anywhere! The space stations have gotten a huge update and now are so much cooler, there are so many new items, new resources, etc. It also really helped that the aliens are super bros and one gave me a 1.2 million mining laser on my first day... I'm glad I got to write this review, glad I got to play this new update. It's very worth my time, very worth it on sale, and the free updates make it more and more of a complete and full game. ""So many choices... so little time. Ooh that thing's big! Woah he's weird... Please don't shoot me sentinels!""",2017-08-11__2029990_official_Update 1.3 Atlas Rises.txt,3,5.3221374,matched,34206024,english,True,3,0,0.5,,,False,False,2017-08-13 04:29:43,76561198095549402,0,79,7089,3948.0,,,Update 1.3 Atlas Rises,2017-08-11,True
59,"I have seen so many games that got great reviews out the gate... sorta fun and full of potential. But they were indie games sold at an indie price of about 20$ to 30$.   No Man's Sky was also sorta fun and full of potential, but they asked (and got) a AAA price of 60$ (what I paid)  So I do not question the anger of its initial release at all.  But think on this.  Some of those other indies are still plugging away at their games at the indie price .... but lets face it many are not.  The fact that No Man's Sky shows about a years worth of work about a year later and promises more (instead of running away with the millions they made) shows that they are not scammers but fairly good programmers with integrity that got carried away (possibly some pressure by their publisher is to blame here too).    Nevertheless this game will forever push the boundry (at least regarding the scope) of what a proceedural game can become... and for that I thank Hello Games and will not consider my 60$ a waste.  And now i am hopeful that eventually the game itself will be worth the 60$.  (I've seen a lot of AAA titles that weren't, haven't you?)  Now there is stuff to do, bases to build, freighters to buy, mysteries to solve, fortunes to be made and hope that even more is on the way.  Yeah, I do recommend this game now, and hope that the lessons learned were good for us all.",2017-08-11__2029990_official_Update 1.3 Atlas Rises.txt,4,5.3221374,matched,34699450,english,True,4,0,0.5324892401695251,,,False,False,2017-09-03 01:13:36,76561198008261616,0,4,50070,21065.0,,,Update 1.3 Atlas Rises,2017-08-11,True
60,"[Update Dec 2018, NEXT and stuff...]  Update has excellent multiplayer features, dogfighting, combat, missions, quests, basebuilding, crafting, exploring, grinding, mining, and is a lot of fun.  My only complaint is lack of joystick support for the excellent space combat, and progress seems to really hit a wall and slow down a lot at a certain point, when there's still so much cool stuff you could build or buy that seems out of reach. Certain critical resources are very hard to find, and in other cases, prices are very expensive compared to how much you're bringing in. Maybe it's just a matter of ""git gud.""  I liked this game before. It's improved a lot since then, I still heartily give it a thumbs up. 4/5. If progression was a little more straightforward and/or smoother, and it had joystick support, it would be a 5.  [Previous Review Below...]  I was one of the ones who stayed on the sidelines while this game was being developed, then when it was released to mixed or negative reviews. I don't know how bad it was before, but I can say it's quite a bit of fun now. There's a steady sense of progression from the very first moment. As you make your way around your starting planet, then to other planets, then to other systems and space stations, the game places objectives before you to help lead you towards more and more self-reliance. Maybe this game gets bad after x number of hours, but after 4.5 hours it's still nice and intriguing. There's a mystery to solve, ancient structures to explore, and as you do so you continue to unlock more technology to help along the way.  Technically the game is fine. I'm running on Win7 x64 with an i7-6700k, 32MB RAM, and GTX 980 video card. I get a solid 60FPS everywhere, but I'm never super aggressive on graphics settings. Give me high res textures with anisotropic filtering and I'm happy. This game has pretty extensive quality settings, so you're sure to be able to tune it to your system with no problems.  I only have two minor complaints so far about the gameplay. First, the inventory is very limited, and the stack sizes are relatively small compared to how much material you'll need for your journey. For this reason you end up spending quite a bit of time gathering resources and juggling inventory. This was one of the initial complaints and it's still a bit annoying. There are ways to upgrade your personal inventory capacity, and you will eventually find bigger ships. You can transfer inventory directly to your ship from anywhere. After about 3-4 hours I did find a ship that was able to hold twice as much cargo, but almost all the slots are locked and require quite a few credits to unlock.  My other complaint, and this is purely a matter of personal preference, is that the universe is rather lonely. There are NPCs to interact with, but so far I haven't been forming any relationships, and they're all very alien in appearance. I like games with NPC companions, like Mass Effect and the like, but this game just has you against a mostly hostile or indifferent universe. There is an NPC that shows up for regular appearances as a matter of story, but I wouldn't call him/her a companion by any means. Being able to form a crew and having RPG options wouldn't go amiss in my book, but that can hardly be a mark against this title.  Travel times are pretty acceptable, with four different speed options - cruising, which requires you to constantly hold your thrust button down, a boost speed which is kind of like afterburners, but it lasts as long as you have fuel, a phase drive which is kind of a sublight speed, and then warp drive, which almost instantly takes you from one star system to the next. Going from space to atmosphere, then down to the surface and back is a smooth process with no hitching or jarring transitions. If your angle is too steep, you'll get a burning aurora effect around the edges of your viewable area, along with some shaking and creaking sounds, which is a cool touch. So far it appears to be visual only.  You also get a scanner, which can be upgraded. At first it will detect materials and points of interest within a certain radius. If you aim at a planet you can scan it and see what conditions to expect, and what kinds of materials are most abundant there. All planets I've found so far have the essentials - iron, carbon, and plutonium, which you need in order to maintain your various energy levels and conduct basic repairs. It's the more exotic materials you'll see as the result of a long distance scan.  In my time of playing I have never found a planet that wasn't hostile enough to drain your environmental systems while you're on foot. This system is like a hunger or thirst meter that runs down constantly. Sometimes there will be storms or something that makes it go down even faster. This means you can't venture out too far from your ship or the nearest shelter without either going back to let your bar fill back up again, or using some of the materials you've picked up to refill it out in the field. I'm sure there are M class planets around somewhere but I've yet to discover any.  Overall this is a pretty decent game. It's good enough that I can see putting 20-40+ hours into it at least. We'll just have to see beyond that. I haven't tried the new multiplayer features, but if that system is developed enough it might be a blast to do some base building with friends or family. We'll see. So far though, it's a pretty solid game, easily worth picking up on sale at least. The current sale price of $24 seems like a pretty good bargain for something like this, but I don't know if I'd go much higher than that.",2017-08-11__2029990_official_Update 1.3 Atlas Rises.txt,4,5.3221374,matched,34225243,english,True,4,0,0.5410683155059814,,,False,False,2017-08-13 23:48:04,76561197986922743,0,94,1507,1507.0,,,Update 1.3 Atlas Rises,2017-08-11,True
61,"A year ago, this game was nothing more than a glorified tech demo.  Now that it's gotten an update to the content and mechanics, it's finally looking like a game. It has a tiered progression system, it's not easy to grind to endgame in terms of easy ""exploits"" to net better and better ships or units to upgrade your exosuit easily, and you actually have to do some of the content to get the initial blueprints to progress deeper into the game, such as other weapon modes for your multitool and weapons for your starship. It has finally gotten good and is worth the money. Maybe still not $60 at this point, but catch it on a sale and have fun with it.",2017-08-11__2029990_official_Update 1.3 Atlas Rises.txt,1,5.3221374,matched,34301801,english,True,1,0,0.5,,,False,False,2017-08-17 07:32:46,76561198059780182,423,20,39749,7547.0,,,Update 1.3 Atlas Rises,2017-08-11,True
62,"Rewriting my review for the NEXT update. I last played this a year ago and thought it was pretty neat even back then, took a long break since and when I came back it had drastically changed from the core. The game's been massively improved since launch and it's no overstatement that they have released updates as big as full expansions to the game for free. Gotta respect the devs a lot for that instead of giving up.  Since NEXT I found planet generation and gameplay to have become a lot more interesting. Nothing I've found has really been the same and I've found massively varied worlds, even with those of same type there's a good chance terrain, fauna etc. generation makes it very distinct from each other - I can't hold off taking screenshots like a junkie :P. The game really nails that feel of awe and discovery I haven't really felt in other games much before. No other gameplay experience I've had really compares to this, I'm just enjoying going from planet to planet and seeing what crazy things they have to offer (while planning on what to do next). I'm playing on Survival mode too so there is some challenge involved gathering resources, especially on extreme worlds, and the game now has an overarching 'story' with objectives that teach you most of the basic systems as you go on and give you an incentive to explore more of the galaxy.  I feel like they added a lot more purpose to the game now. Since you can create bases on any planet you want with almost unlimited building you always have something to work towards, and if base building isn't your thing then you can go and upgrade your ship or raid freighters, or just explore and continue the story. It's still a very chill exploration game, only the start of the game can be harsh outside creative mode, but I didn't really mind it, it's necessary to get used to the game's systems. There's also a lot more NPCs and quests added, even base building itself is a long series of quests, and it's neat that you can continue it across multiple planets so if you decide you want to move, you can have your crew teleport to another location.  There is functional multiplayer co-op too so I'd say it has something for everyone as long as you don't mind the gathering/crafting, that still hasn't changed from the launch but has gotten quality of life updates. I'm very interested in seeing where the game will go in the future since it would even make a pretty good MMO if they expanded their systems, they kind of have a base for that already since you can upload your discoveries and bases and you can travel to other people's stuffs. I very much like it as a singleplayer game too though.  EDIT: Another thing they should definitely add is workshop support for modding, the potential for mods for this would be insane.",2017-08-11__2029990_official_Update 1.3 Atlas Rises.txt,3,5.3221374,matched,34403192,english,True,3,0,0.5531274676322937,,,False,False,2017-08-21 21:34:30,76561197977246540,0,90,11713,3325.0,,,Update 1.3 Atlas Rises,2017-08-11,True
63,"I am incredibly impressed with where this game is at. I had pre-ordered it last Spring but refunded it during the summer sale with the intention of re-preordering. Near it's release I decided just to wait and boy was I happy I did. I went on ignoring this game until I noticed it heavily discounted with the release of the Atlus update. I decided to give it a shot due to my adoration of space and exploration and all of the positive reviews I saw it was getting. I reiterate my previous statement, I am incredibly impressed and blown away with how much fun this game is. It's obviously not for everyone but it has gone above and beyond my expectations and I highly recommend to anybody into exploration and needs some relaxing activity.  EDIT: Still a great game that continues to be improved time and time again! NEXT knocked it out of the park with all of the new additions",2017-08-11__2029990_official_Update 1.3 Atlas Rises.txt,3,5.3221374,matched,34338383,english,True,3,0,0.518750011920929,,,False,False,2017-08-18 22:57:55,76561198049262143,439,7,13601,2168.0,,,Update 1.3 Atlas Rises,2017-08-11,True
64,"Patch 1.3 is how the game should have released. They ♥♥♥♥♥♥ up. It happens A LOT, especially these days. But, they actually stuck through all the hate to make a better game. They could have taken our money and ran, but didn't. After 200+ hours on PS4, I bought it on PC to show my continued support.",2017-08-11__2029990_official_Update 1.3 Atlas Rises.txt,6,5.2396255,matched,34249306,english,True,6,0,0.5445281863212585,,,False,False,2017-08-15 05:02:52,76561198025324900,666,35,4078,1473.0,,,Update 1.3 Atlas Rises,2017-08-11,True
65,"At launch, this game really was not worth it even at 80% discount - now, at 50% discount this was a pleasant buy, the story is engaging, the controls despite their console feel work well, and overal the game is very smooth.  Of course, this game is still far from perfect, there is very little variation from one world to the next, missions start to feel repetitive really fast, and the whole exocraft mechanic feels tacked on, introducing 2 unique crafting ingredients that even within exocrafts are barely used at all, and despite the effort required to unlock these ingredients they are almost without value in the market place.  The money system is perhaps my next complaint, the way it is currently setup means you spend 90% of the early game grinding for 10 minutes to fill your inventory, spend another 10 minutes going to a space station and selling your loot, then repeating this a dozen times until you finally have the millions of credits needed to perform a single ship or multitool upgrade that is actually worth making. The economy needs major work, as most non-grindy credit sources are from exploration, giving at best some 5000 credits, a mere drop in the bucket of your average 1.5 million credits needed to upgrade your ship to next the level - not even considering the hundreds of millions needed to get yourself a freighter.  Another complaint is the base system, what is there is incredibly well designed, but there is honestly very little to actually do. Once more a situation that feels like exocraft happens, in that a whole bunch of ingredients are needed for the base building process, but those ingredients are not balanced into the rest of the game properly, causing a heavy dissonance that breaks immersion.   All in all, if you enjoy space, exploration and a compelling story supported by a good PC-friendly control scheme, then go and buy this game at 50% off, but I cannot recommend this game, even now, at the full price tag, not until helloGames gets around to really integrating all the separate parts of this game into a proper whole.  Edit 13 April 2020: Great progress has been made on most of my down points, unfortunately with the Abyss update they once  more repeated the process of adding new items which are only used for a specific situation, hopefully they will better integrate these items as they have previously done for the other resources added by such updates.  My main remaining issue is how repetitive the procgen starts to feel after only a few solar systems, I feel the game would benefit greatly from some dedicated improvements in this area.  As of this time, I'd say the game is worth it at 30% off, but they have yet to reach the point where I'd be willing to pay full price for it.  Edit 4 December 2024: I still have my issues with Abyss and the lack of integration on those resources, but so much new content has been added, good content, that on the whole I truly do believe this game is worth it without discount by this point.  That is not to say it is a game for everyone, but if you want what is decisively the *best* space exploration game, where you can visit every inch of it's insane amount of planets and galaxies (Even if those inches wont be 100% unique), build to your liking, and do it all alone or together, then this is the game for you.",2017-08-11__2029990_official_Update 1.3 Atlas Rises.txt,2,5.2396255,matched,35235440,english,True,2,0,0.4961831867694854,,,False,False,2017-09-27 04:36:35,76561198101679714,0,14,35079,35079.0,,,Update 1.3 Atlas Rises,2017-08-11,True
66,"After 1.3 update, the game is good! Though there are few bugs that needs to be fixed that came with 1.3 update. But im pretty sure they will attend to it quickly.  Now we got 30+ hours of great story, more engaging space battles, base building, farming and MULTIPLAYER in a gigantic shared universe.  The multiplayer is in its early stages, but they have stated that it will get improved. And i love the ingame voip, works very good.  And there will be more updates down the road, so get the game and enjoy.",2017-08-11__2029990_official_Update 1.3 Atlas Rises.txt,5,5.2396255,matched,34204684,english,True,5,0,0.5084439516067504,,,False,False,2017-08-13 02:42:26,76561198035760488,109,19,16780,4273.0,,,Update 1.3 Atlas Rises,2017-08-11,True
67,"Pick the game up on sale. They've added a lot of content to the game, and while it's still not anything like what was advertised (let's be honest, that advertising was just insane. overhyping trash for a game that had like 10% of what was promised, at 60$) It still manages to be a great game. I'd recommend this game if you are mainly into adventuring around in games, as it does a great job at providing a very relaxing exploration experience. They've added much more to the game such as base building but for me the main draw that got me to reinstall the game and give it another shot was the addition of freighters. They basically act as a way around the ♥♥♥♥♥♥ inventory system, which also I might add feels a lot more improved than when the game first launched  Overall, definitly give it a chance. It's nothing like what was advertised, as they set peoples expectations way too high. But, if you are going to buy it, I would definitly wait till it is on sale as 60$ is way too steep for what is offered.  Hopefully the addition of multiplayer will improve the game even more but still, I don't see it being worth that much",2017-08-11__2029990_official_Update 1.3 Atlas Rises.txt,3,5.2396255,matched,34331435,english,True,3,0,0.5209059715270996,,,False,False,2017-08-18 15:55:29,76561198004985758,381,14,5002,1403.0,,,Update 1.3 Atlas Rises,2017-08-11,True
68,"Like a lot of people on here I bought the game at release and was very disappointed with what was presented.  While the game quality has certainly increased and there are a lot more things to do, there is still room for more content (namely an imrovement on animal AI) but by the looks of it Hello Games has really been working hard to create a polished, fun game.  It`s too bad I spent the full $60 at release and had to wait many months for any considerable work to be done, but better late than never I guess.  The game certainly felt like it was early access or something when it first released, which put off a lot of people as it was marketed as a full blown title, so long as these free updates keep coming though I can overlook what was in the past, it was probably Sony who made them put it out in the original state anyhow.  While the price tag is still a bit steep for my liking for what the game offers, it definitely looks like it will be the game promised at launch over the next few updates.  I think once full blown multiplayer and co-op is established, and the animals (oh, those animals) get an AI overhaul the game will certainly be worth the $60+.    In conclusion, while the game has made an amazing recovery from the initial backlash it got on release, there are still some patches needed to really flesh it out as the game Hello Games wanted, but I am quite optimistic at this point which is great because it was hard to find optimism for this game several months ago.  Yes I recommend, but if you`re uncertain I`d say wait for a few more patches if you really want bang for your buck.",2017-08-11__2029990_official_Update 1.3 Atlas Rises.txt,2,5.2396255,matched,34587393,english,True,2,0,0.5,,,False,False,2017-08-29 20:15:19,76561198076421749,0,17,3507,1496.0,,,Update 1.3 Atlas Rises,2017-08-11,True
69,Instead of money grabbing and going with the flow the devs really tried to right their wrongs. Just bought and have had the most amazing experiences. The few planets I've been too have had so mucb varitey and beauty. Awesome sound design aswell. Exploration is truly a pleasure. Thank you for coming through Hello Games!,2017-08-11__2029990_official_Update 1.3 Atlas Rises.txt,7,5.2396255,matched,34261697,english,True,7,0,0.5288236141204833,,,False,False,2017-08-15 18:50:09,76561198134181790,146,12,492,153.0,,,Update 1.3 Atlas Rises,2017-08-11,True
70,"Got the game on release, What a failed attempt in trying to become the new Elite Dangerous. Lied to their fans and made promises that didn't deliver. Will I play it again and give No Man Sky another chance. I’ve heard that there has been a lot of changes to the game. Maybe, but no time soon as the suppressing memories of release are hard to get over and would rather play something else than try and replay what was once a garbage game.",2017-08-11__2029990_official_Update 1.3 Atlas Rises.txt,1,5.2396255,matched,41024344,english,False,1,0,0.4183376133441925,,,False,False,2018-03-24 19:06:00,76561198042522212,0,89,943,336.0,,,Update 1.3 Atlas Rises,2017-08-11,True
71,"I'm one of those who was intrigued by NMS from the first trailer, but decided to wait after everything that went down following the release of the game. I had high hopes that it would eventually become something resembling what was first shown. Now with the 1.3 release, and the fact the game was on sale, I decided to check it out.  So far I'm in love with this game. I have direction, everything is beautiful, and it feels different from anything else I've played. No it's not the be-all end-all experience, but it's definitely something worth checking out (now, finally)*.",2017-08-11__2029990_official_Update 1.3 Atlas Rises.txt,8,5.2396255,matched,34220410,english,True,8,0,0.5253682136535645,,,False,False,2017-08-13 19:01:32,76561198024122818,460,18,639,456.0,,,Update 1.3 Atlas Rises,2017-08-11,True
72,"- Recent updates have definitely improved the experience of No Man's Sky. - New UI update looks MUCH better and feels well organised, with an in-depth and useful Guide for tutorials, tips and notes. - I already found exploring, tavelling and crafting fun in this game, and levelling up gear and collecting the right resources to craft a new piece of equipment etc is rewarding. - Reaching milestones is very rewarding, especially when it appears on screen - there's just something pleasing about being notified of your progress like this. - Again, the UI looks SO MUCH BETTER, from menus, to the options and text that appear when speaking to an alien. The addition of the Mission Board is a HUGE improvement.  To keep this short, they have improved this game a lot since I initially purchased it (and since the initial controversy) and I personally find it enjoyable to play and progress.   I feel that initial players should return to the game to experience its improvements, and that new players shouldn't fear it's tainted reputation but give it a chance. However, I do feel the price should be dropped due to its shaky start when it first came out, but if this game appears in sales or as a deal, I would recommend it.",2017-08-11__2029990_official_Update 1.3 Atlas Rises.txt,3,5.2396255,matched,34191261,english,True,3,0,0.5238095521926879,,,False,False,2017-08-12 13:27:24,76561198173998179,260,28,1824,1043.0,,,Update 1.3 Atlas Rises,2017-08-11,True
73,"TL,DR: Game is worth it at a lower price, pick it up, relax and enjoy.  This game is pretty much open story, do what you want game. I love it. ""BUH MUH MULTIBLAYER"" it was a small dev team and their office got rekt multiple times. For what its worth, 40£ isnt really worth it, but at least 20 is. Lots to explore, ships to collect and kit out, bases to build, treat it like minecraft with spaceships and you will enjoy it, Or be a pirate, or a raider. Also Co-op got announced so like, one step towards the good direction right?",2017-08-11__2029990_official_Update 1.3 Atlas Rises.txt,7,5.2396255,matched,42636410,english,True,7,0,0.5736724138259887,,,False,False,2018-06-10 18:57:02,76561198398628593,180,11,10081,2879.0,,,Update 1.3 Atlas Rises,2017-08-11,True
74,"There are some positives.   It was enjoyable for about 300 hours of game play.  After exploring about 7 solar systems, you realize there are only about a dozen different planet types, about 14 different creatures and about 20 different flora, and everything else is a randomly generated variant on those basics.  The main quests don't pay off very well, and the side quests are very limited and monotonous.  Each planet has the same half a dozen types of things to find, and you quickly max out your ship, suit and weapon and then it becomes pointless.  It is nicely seamless, but a bit buggy (ie, right now my base has grass suddenly growing up through the floor and although it is on a ""paradise"" planet, suddenly I have toxic rain?).  From what I understand some of the upgrades like Atlas and Pathfinder improved it...can't imagine what it was like before them.  If they would keep adding planet/flora/fauna/ship/weapon/etc. types and add cities and civilizations (even abandoned ones) it would keep me going on it, but at the moment, I'm done.  If that kind of time is all you want, its fine, but being billed as a limitless game with a quintillion different planets is kind of a half truth.",2017-08-11__2029990_official_Update 1.3 Atlas Rises.txt,6,5.2396255,matched,35038871,english,False,6,2,0.460263192653656,,,False,False,2017-09-18 04:38:52,76561198125003928,0,9,18904,18250.0,,,Update 1.3 Atlas Rises,2017-08-11,True
75,"UPDATE: Thank you, thank you, thank you for updating this game yet again. You will make me cry if you keep doing this. Thank you!!! All my love to you and your team, can't wait for Light No Fire.   Glad I held back until they worked out the kinks. Extremely happy with how they are handling this game. Dare I say it is the best supported game I've ever had!  More power to the devs! Continue focusing on the positives, you have more than redeemed yourselves! Looking forward to even more refinement to come. PLEASE PLEASE PLEASE keep supporting this game. It has the potential to beat any space sim out there including the yet to be released Star Citizen. Do keep adding on to this game.  Ultra-wide support is now great! :D Do keep coming out with new concepts, vehicle types, things to do on planets and the universe.  Having played Star Citizen and Elite Dangerous, this game in comparison, while not being the most realistic in terms of presentation or graphics, is the MOST WELL-ROUNDED and complete game. X4 is pretty good too but none of the space games come close to the polish of No Man's Sky.",2017-08-11__2029990_official_Update 1.3 Atlas Rises.txt,6,5.1583924,matched,43673670,english,True,6,0,0.4963805377483367,,,False,False,2018-07-22 05:16:56,76561197998393396,112,85,4948,4659.0,,,Update 1.3 Atlas Rises,2017-08-11,True
76,"If you heard all the negative reviews after launch - they were right B U T instead of sticking their heads in the sand the devs seem to work their asses off to improve the game. If you ask me - they succeeded! There is a quite cool story now that is party tutorial that leads you to the mechanics of the game.  They also added base building and ground vehicles.  The game as it is now is a very cool one and the experience of this vast universe is one of the coolest I had in recent video game history. If you like exploration and have no issue with ""grindy"" mechanics then definitely go for it! If you haven't played in a while, give it another shot!",2017-08-11__2029990_official_Update 1.3 Atlas Rises.txt,9,5.1583924,matched,36087791,english,True,9,0,0.5061120390892028,,,False,False,2017-10-28 19:20:45,76561198018458407,1053,20,9969,5858.0,,,Update 1.3 Atlas Rises,2017-08-11,True
77,"This game does not deserve the hate. Ever since the update, it has been really entertaining, relaxing, and still exciting. It's a beautiful game and I find it an excellent time-killer. A lot has improved and the planets are intertesting, the ships are awesome, and there's combat and diplomacy involved.  I still don't think it's worth the $60-odd price tag yet but if you see it on sale, I recommend it!",2017-08-11__2029990_official_Update 1.3 Atlas Rises.txt,8,5.1583924,matched,34243581,english,True,8,0,0.5730723142623901,,,False,False,2017-08-14 21:10:42,76561197964241602,0,39,5152,2555.0,,,Update 1.3 Atlas Rises,2017-08-11,True
78,"This game has really come a long way in the past year. Combined with some of the popular mods such as the Common Traveler's Edition, Sprint/Jetpack and Flight Speed increases, and some of the visual and planet diversity mods, it's a lot closer to what was originally advertised all those years ago. It's still not perfect, but you have to give the devs credit for supporting the game. We've been getting near weekly patch updates that amount to not just bug fixes, but minor new features with most of the patches.   I returned the game on launch, but picked it up on sale recently. For $24, I've had a lot of fun with the game so far. It still is somewhat grindy, but mods address that quite well and help to speed the pace up and let you spend less time mining for resources just to get the next upgrade or to refill fuel.",2017-08-11__2029990_official_Update 1.3 Atlas Rises.txt,7,5.1583924,matched,34892030,english,True,7,0,0.5588176846504211,,,False,False,2017-09-11 23:34:13,76561197969374860,1061,22,15646,2964.0,,,Update 1.3 Atlas Rises,2017-08-11,True
79,"I'm going to go ahead and give my part in increasing this game's review. Honestly this game is one of the best I've seen. The AI and random generation could use some work but overall, this game is beautiful. This game was overhyped and so all those anoying little entitled punks out there are ruining this game and adding so much unecessary toxicity. Well done Hello Games.",2017-08-11__2029990_official_Update 1.3 Atlas Rises.txt,8,5.1583924,matched,36160844,english,True,8,0,0.5208229422569274,,,False,False,2017-10-31 08:42:29,76561198104355160,274,42,13222,2951.0,,,Update 1.3 Atlas Rises,2017-08-11,True
80,"I was a pre-order buyer. I fell for the hype and was burned. Hello Games will never deliver on the original game promise, despite what paid for game magazine articles tell you.   To their credit Hello Games has stuck with this and tried to make it better. They have done a lot, but now we're getting to the point where their enthusiasm doesn't make up for their lack of competency.  They're good natured people but mostly incapable of fixing their base game and I honestly would never buy another of their products ever again.   7 years of updates and basic issues have persisted since launch.  They've added many updates, most are content islands that don't interact well with the rest of the game. Some invalidate previous game systems, and almost every one of the updates has disrespected player investment forcing changes to previous saves and accomplishments. I've had to re-do major questlines in a save because they decided they wanted to make the grind more tedious.   Quest hooks still fail to work correctly 1 in 3 times, 7 years later. Any session is moments away from a glitch that will force you to exit and reload in hopes of the game actually working right. That's just basic functionality. Still falling through floors because they can't get collision checking working correctly, 7 years later.   They've somehow managed to court and appeal to a community that thinks reloading save games for 4 hours to try and finally get a rare random spawn is entertaining.   So much of the game is tedious work- it has all the hallmarks of annoying inconvenient mobile pay2win app gaming design without any of the pay-to-skip / pay-for-convenience functionality available. It's truly baffling to me.   They did finally add in some difficulty and customization options to remove some parts of the game but the resulting product isn't worth booting up. It's so shallow and empty of reward.   And the Artemis main quest story is the one of the worst, I'm 14 and this is deep, writing experiences I've ever encountered. The fact that it's mandatory to unlock most of the game is inexcusable. It is straight out of a 2000s LiveJournal blog.   Most things are save-game specific and updates have had a tendency to ruin previous saves, so you can see where that timed play number comes from.  I've given them the benefit of the doubt but it is such a shallow vapid experience and worst of all- it has no concept of what fun is.",2017-08-11__2029990_official_Update 1.3 Atlas Rises.txt,10,5.1583924,matched,34195791,english,False,10,0,0.5125011801719666,,,False,False,2017-08-12 17:14:38,76561197972334648,0,69,25863,5402.0,,,Update 1.3 Atlas Rises,2017-08-11,True
81,"Just bought the game on Steam for the 1.3 Update launch, but I've got over 100 hours played on PS4. Bought it (on PS4) when it came out and I was disappointed, to say the least... But I had hope the game would get better with updates.  Updates 1.1 and 1.2 added a lot to gameplay, but 1.3 is incredible. It's a completely overhaul. Textures look amazing, crashed freighters, portals, 30 hours of story, new ships, the first step for multiplayer... It's worth the money!  Great game.",2017-08-11__2029990_official_Update 1.3 Atlas Rises.txt,25,5.1583924,matched,34187474,english,True,25,0,0.5823915004730223,,,False,False,2017-08-12 09:41:50,76561198077302053,234,1,99,71.0,,,Update 1.3 Atlas Rises,2017-08-11,True
82,"Been a longtime fan of this game since I knew it had a ton of potential. Despite everything Hello Games have not abandoned it, not even close. With each patch, No Man's Sky becomes more and more like the game we dreamed of. Continuing to complain about it for whatever reason is just being willfully ignorant at this point.  If you've been thinking about it, just do yourself a favour and give it a shot. It'll soon be a game for everyone.",2017-08-11__2029990_official_Update 1.3 Atlas Rises.txt,8,5.1583924,matched,34185965,english,True,8,0,0.5202519297599792,,,False,False,2017-08-12 07:58:38,76561198078744017,0,6,34139,7087.0,,,Update 1.3 Atlas Rises,2017-08-11,True
83,"Overpriced, boring, all around garbage.  Heres Why~ 1. Poorly optomized, my setup is well above the reccomended and I only got about 28 FPS. 2. Loading into a new game takes ages, like 10 mins of just waiting for the shaders to load omfg. 3. The flight aspect is just uncomfortable. Its clunky, poorly executed and uncomfortable. 4. Repeditive. When your just starting, its basicly a cycle of ""get resources, sell them, go get more, sell them, buy something, repeat."" 5. Wayyyyyy overpriced. I payed 30 on sale, and thats still too much. This is like a 10-15 dollar game for the price of a triple A title.",2017-08-11__2029990_official_Update 1.3 Atlas Rises.txt,3,5.1583924,matched,42919773,english,False,3,0,0.4737844467163085,,,False,False,2018-06-22 05:52:04,76561198248947756,151,29,120,120.0,,,Update 1.3 Atlas Rises,2017-08-11,True
84,"I got this game as a pre order before launch on the PS4 and played 200-300 hours before putting it down. I picked it back up after each update and put in at least 100 hours each time. Each update has expanded this game for the better.  The fact that Hello Games did not take the money and run, but took the money and fueled it back into this game and delivered each update at no cost to the gamers is, in my book, VERY commendable. The launch may have been poor, but they have learned from it and have become a better company for it.   If you are on the fence on whether or not to buy this game due to the fiasco at launch. The game is NOT like it was. It is far better. Now that VR will be a feature soon as well as true multiplayer, This is, for sure, the game to get.   BUY IT! You will be glad you did.",2017-08-11__2029990_official_Update 1.3 Atlas Rises.txt,7,5.1583924,matched,43692491,english,True,7,0,0.5034323930740356,,,False,False,2018-07-23 04:44:07,76561198032677116,0,11,71358,17515.0,,,Update 1.3 Atlas Rises,2017-08-11,True
85,"I bought this game for €24 on sale and I don't consider it worth the price. What I did for the first 3 hours: - Wait in a 5 minute ""loading shaders"" screen - Spent the next 3 hours collecting resources in extremely repetitive manner - Get a hyperdrive - Dealt with sub-par ship controls - Feel incredibly isolated due to no voice acting at all  By the time I hit my second solar system I just ALT+F4'd it.  There are much better open-world survivor games out there right now. It might be worth €15 or under. Not terrible, but not woth €24, definitely not worth €50.",2017-08-11__2029990_official_Update 1.3 Atlas Rises.txt,8,5.1583924,matched,34218794,english,False,8,0,0.5314846038818359,,,False,False,2017-08-13 17:33:31,76561198002305067,198,1,934,200.0,,,Update 1.3 Atlas Rises,2017-08-11,True
86,"I have been playing No Man's Sky since it's release day on PS4. I eventually switched to PC after the first or second major update and haven't regretted it.  Honestly, if you don't mind a relaxing, do almost whatever you want kind of space exploring game, then why the hell are you even here?  This game is just a nice space exploration game with some story elements thrown in to keep you going. However, that doesn't mean it's bad. Oh no, on the contrary in fact...  This game is everything I could ask for in a space game. -Ships -Goals -Randomized planets -Randomized animals -Randomized EVERYTHING -New gear to aquire -A story line that doesn't force you to follow it -Base building -Ship collecting -Challenges (when sought after)  I honestly love this game and have since launch day. The reason for that is because I wasn't hyped for some overblown multiplayer space extravaganza... No, I was expecting a space game with exploration in mind and a really, really good soundtrack. Something I could come home to and relax with from a long day at work.  This game is everything I could of asked for, and now, with all the free content updates is even more than I could of ever wanted.  Keep up the good work Sean and Team at Hello Games. I salute you. *Salute*",2017-08-11__2029990_official_Update 1.3 Atlas Rises.txt,3,5.078419,matched,43653040,english,True,3,0,0.4962406158447265,,,False,False,2018-07-21 01:35:56,76561198021799992,0,38,9867,2997.0,,,Update 1.3 Atlas Rises,2017-08-11,True
87,"Before you read my review, a few things: I bought this game on sale ($20 I believe), and I bought this game after all the splendid updates that improved it from the launch disaster.   That being said, I had a wonderful time playing this, as you can tell by the nearly 200 hours put into it. If you want a deep, rich story, or an action packed pace with a diversity of challenges and missions, this game will dissappoint you. I however just wanted something I could come home from work and relax to. Something I could pick up and have fun with and not add to the stress of the day. No Mans Sky was exactly that! Fun exploration, pretty darn good base and farming mechanics. Ship and freighter costs that teeter toward the edge of a grind, but are really just rewarding in nature. It has a slow start, but once you expand your crafting and purchasing power it becomes quite fun. And the fauna.. well they can be quite odd which is funny, and each planet has its own oddities. I would still be playing now if I hadnt fallen into a Witcher 3 hole as of late. But the great thing about NMS is that I can pick right up where I left off!  Review Main points: - Fun and more complete after the latest updates - For a casual exploration experience  EDIT: NEXT has really put things on track! Loads of improvements in almost every facet of the game, and they have been releasing constant updates since its launch. The development team stuck with it and have really turned things around. I cant wait to see where the No Man's Sky journey take us. Put another 100+ hours in since NEXT dropped :)",2017-08-11__2029990_official_Update 1.3 Atlas Rises.txt,38,5.078419,matched,37677777,english,True,38,1,0.7290352582931519,,,False,False,2017-11-26 14:48:23,76561198363805616,302,54,21210,18838.0,,,Update 1.3 Atlas Rises,2017-08-11,True
88,"I love redemption, especially in video games. The usual narrative is: Big publisher greedy and bad, let's troll and bag on their game, and feel good about ourselves for piling on with other disgruntled nerds that we gave a game an overwhelmingly negative review. NMS is a testament to Devs who didn't listen to the hate, and improved a good game to make it great. It's not perfect, but a very enjoyable and engaging space exploration experience. I'm glad I didn't believe the negative hate machine and judged the game for myself, first on PS4, and now on Steam. You will be glad you jumped in too. Thank you Hello Games for sticking by this game to making all that it could be.",2017-08-11__2029990_official_Update 1.3 Atlas Rises.txt,3,5.078419,matched,34727641,english,True,3,0,0.5073752403259277,,,False,False,2017-09-04 04:46:22,76561198060943166,0,10,9755,493.0,,,Update 1.3 Atlas Rises,2017-08-11,True
89,"I'm one of the few ones who are wasn't devastated by the initial release of NMS. Mainly because I hadn't heard of it, didn't follow all the previews and so my expectations were for moderately entertaining game. Was $60 worth it back then? I'd say no, and so I understand a lot of the anger. However, with the latest update HG has shown their dedication to the game; even in the face of unprecedented opposition from the public. The game is beautiful, there is more to do than ever before, and you can get the game for a very reasonable price nowadays. Pick it up, if for no other reason to show game developers that fixing a ""broken"" game is worth it.",2017-08-11__2029990_official_Update 1.3 Atlas Rises.txt,6,5.078419,matched,34215870,english,True,6,0,0.483989268541336,,,False,False,2017-08-13 15:10:22,76561197969760262,223,11,19406,3224.0,,,Update 1.3 Atlas Rises,2017-08-11,True
90,"I know this game had an absolute ♥♥♥♥ storm at launch and for someone who pre-ordered this game, I was really underwhelmed. It was the most dry and empty game. But I seriously recommend you give it a shot. They have put a lot of time and effort into their game since launch. If it would have been advertised at a early access, I bet this game would be one of the most popular games right now. It has come such a far way. It really has become a fun game. For the people who want to explore, trade, mine, grind, become a pirate/bounty hunter I really recommend just giving it a shot now.",2017-08-11__2029990_official_Update 1.3 Atlas Rises.txt,2,5.078419,matched,43578213,english,True,2,0,0.5,,,False,False,2018-07-17 04:35:23,76561198211518316,165,3,10496,1765.0,,,Update 1.3 Atlas Rises,2017-08-11,True
91,"I was one of the many saps that preordered this game, and for console no less (because I had an incapable pc at the time).  I was also one of the many that rushed back to GameStop (when I still went there) to get absolutely nothing when everyone realized it was a sham and they gave nothing for the trade in (or less than usual).  I was extremely disappointed that at what seemed was going to be an adventure filled with wonder turned into a ridiculous circle of grind with no point except to get stuck in an endless circle of grind.    I bought a PC, and a few random games to mess around with to see the notable differences between console and PC, and was still seeing this game pop up in my queue.  With every update, it seemed like they were working in the right direction, but I didn't want to drop 60 bucks on it AGAIN.  When it came around to being on sale after the Atlas Update, I figured what the hell, I can drop 20 bucks on it and see what happens.  The difference between now and launch is night and day.  Yes, there are still more fixes and changes that need to be made, and that are probably already in the works.  Yes, it still needs optimizations.  But, it is SO much closer to the game that was promised to us at release.  Planets have their own personalities, their own landscapes, weather patterns, and wildlife that could be/not be a threat.  They are building on more multiplayer aspects that while still in infancy, show promise.  The development team here deserves a lot of credit for their perserverance and dedication to a game that many had written off and expected to disappear into the night.  Sitting down at a game that once bored me after 25 minutes, I find myself losing hours at a time in exploring different planets and mining materials to make products to sell to markets and find the next best ship/weapon/mining tool/blueprints/upgrade.  I'm still weary on whether or not I would pay full price on it, but the fact that I'm on the fence instead of deadset against it as I was a short time ago says something.  Just looking at the recent reviews that aren't bogged down by all the raging neckbeards with their blinders on should tell you something.  I would whole-heartedly recommend snagging this game if it is on sale, and I would recommend not taking advice from someone about this game who hasn't played it since the Atlas update, as they will probably steer you in the wrong direction.  I hope Hello Games continues to improve and keep hard at work at a game that has come MILES, against all the odds and people in the world who were very much against them.",2017-08-11__2029990_official_Update 1.3 Atlas Rises.txt,4,5.078419,matched,34671258,english,True,4,0,0.5045452713966369,,,False,False,2017-09-01 23:01:56,76561198272066898,0,1,5593,2550.0,,,Update 1.3 Atlas Rises,2017-08-11,True
92,"I pre-ordred no mans sky bak in that fateful time. When the hype train was rolling at full speed and all we had was the promises of Sean Murry and a dream. Needless to say as the world soon found out that train was carrying nothing but broken dreams and regret. 10 hours in and you quickly realized there was nothing but lies and planet after planet of the same old ♥♥♥♥ with nothing very interesting to do. Quickly put it aside with the rest of the world and tossed a negative review at it.  I've come back to the game a little over a year later on a whim when I couldn't decide what I wanted to play. Not dissapointed any longer. While it is not perfect it has definitely improved and you can tell that the developers, for the most part, are listening to the community feedback and are atoning for their mistake.   There are plenty of good features to keep yuo busy in the game now if you were an original person who liked the idea and decided to pass on it at first.  There is base building now. You are limited to one planet but this base can be moved later on and you will receive a fraction of you materials back. You will also keep everything in your storage containers. There are different tiers of freighters you can buy that will offer you more storage and farming space, and the story I found pretty interesting. It's one of the first things I focused on when returning.  If you are still unwary you can always grab it on sale or from a key vendor for a lower price with not much risk. But overall its a million times better than it was at launch and worth a try.",2017-08-11__2029990_official_Update 1.3 Atlas Rises.txt,3,5.078419,matched,37409208,english,True,3,0,0.5239983797073364,,,False,False,2017-11-24 20:13:35,76561198009195653,0,44,47791,10841.0,,,Update 1.3 Atlas Rises,2017-08-11,True
93,"I refunded my original purchase at launch.   Purchased on sale on a whim in the middle of August 2017 after reading all of the new positive reviews.   I've gotta say, I'm impressed. Thank you for releasing the game that we wanted initially. Thank you for not giving up. Thank you for listening to you community. And thank you for following through :)   Can't wait to see where this goes!",2017-08-11__2029990_official_Update 1.3 Atlas Rises.txt,3,5.078419,matched,34300227,english,True,3,0,0.5258620381355285,,,False,False,2017-08-17 05:09:47,76561197969383426,271,8,2581,1931.0,,,Update 1.3 Atlas Rises,2017-08-11,True
94,"I'm not going to spend time reflecting on what happened two years ago as it is no longer relevant. 3 big game improving updates since launch for FREE. NEXT is coming out tomorrow and will set the framework for the future. From what I've seen of it so far, it's definitely a game changer and it will bring in fresh blood and old skeptics. Excited for NEXT and the future.  This will be a comeback of the ages.",2017-08-11__2029990_official_Update 1.3 Atlas Rises.txt,9,4.9996853,matched,43695477,english,True,9,0,0.4943362176418304,,,False,False,2018-07-23 09:40:02,76561197978606792,0,7,17973,5941.0,,,Update 1.3 Atlas Rises,2017-08-11,True
95,Atlas shmatlas.  This will remain to be the symbol of over-hyping and false advertising for generations to come. Do not buy into this because of atlas update. Do not buy into this because of the pretty discounts. They are still charging $60 for it outside of discount periods. There are far better space games out there.,2017-08-11__2029990_official_Update 1.3 Atlas Rises.txt,11,4.9996853,matched,34238526,english,False,11,2,0.2208736687898635,,,False,False,2017-08-14 16:08:03,76561198048916229,3149,39,580,241.0,,,Update 1.3 Atlas Rises,2017-08-11,True
96,"Look here I'm just going to give it to you STRAIGHT UP. When I bought this game in November I was PLEASED. Now for months the exploration was fun, but I'd find myself slightly wanting something else to do.  I started getting slightly bored due to it feeling lonely and empty and MINECRAFT gave me this exact same feeling. It seems like something happened before launch that caused the game to feel like early access, like they had a forced deadline or something at sony and still had to push the game???  (Thats the only thing that seems logical for having items without any use or functioning code behind them or unless they built the game to expand over the seasons???)   Then comes the foundation UPDATE that adds more to DO! It FED my want for more so from there I was pleased to a certain point then here comes the PATHFINDER UPDATE and I am thourougly pleased, it started opening a pathway to do MORE. I played for over 6 hours and I NEVER play games for THAT long because my attention span is horrible, but this,.......... this  game has truly capsulated what it means to have fun exploring a universe.  Now here we are at the ATLAS RISES UPDATE(v1.3) and I am blown away  ✔we have missions ✔we have a thourough storyline ✔we have basic multiplayer(*joint exploration*which is step A out of many to go) ✔we have animals from E3 ✔we have portals  ✔we have a purpose  Im 100% recommending this game ESPECIALLY while its on SALE.",2017-08-11__2029990_official_Update 1.3 Atlas Rises.txt,12,4.9996853,matched,34203236,english,True,12,0,0.5795073509216307,,,False,False,2017-08-13 00:49:26,76561198337142022,159,16,216830,35292.0,,,Update 1.3 Atlas Rises,2017-08-11,True
97,"I was one of those who bought the game on release! I was realy disappointed about the state of the game and stop playing after a few hours and didnt play it since! A few days ago i saw the update Next that will introduce multiplayer so i decided to download and play again! And man was i supriced! Now im realy enjoying the game and yes multiplayer is still missing but the core of the game has improved alot and now i cant wait for the update! I think this game will be one of my favourit game after update! Nice to see hello games sticking with the game and making it even better!  Update: 30/7-18  After playing the Next update I must say its one hell of a game! Damn the multiplayer changes everything and now it is one of my favourite games! Just to be able to play with friend makes this an awsome experience! The graphic update is real nice too! There are stuff I want them to add! like realy allow for some sort of multiplayer that allows the joining player to continue to expand the base or something! i think it would be possible with ""cloud save""! Right now when the ""host"" leaves the remaining players cant expand the base! keep exploring yes but not add anything to the base!",2017-08-11__2029990_official_Update 1.3 Atlas Rises.txt,8,4.9996853,matched,43695145,english,True,8,0,0.5519143342971801,,,False,False,2018-07-23 09:13:05,76561197963853810,0,10,10197,4381.0,,,Update 1.3 Atlas Rises,2017-08-11,True
98,"Thought i would go back to NMS after update 4.0 and see what improvements have been introduced,all previous updates have vastly improved the game,but i hate to say this but the new update has ruined the game the new inventories for exosuit,ship,freighter and exo craft are ruined;all that grind i put in has been taken away.Hello Games if you read this revert this update we all hate it.","2022-07-27__9194209_official_No Man's Sky 8th Expedition, Polestar, now live!.txt",10,4.9996853,matched,123590061,english,False,10,0,0.5301693677902221,,,False,False,2022-10-09 14:10:27,76561199223050643,0,1,3687,3388.0,,,"No Man's Sky 8th Expedition, Polestar, now live!",2022-07-27,True
99,"At first glance...   I read the negative reviews, and saw the price tag on it, and just said ""no"" and moved on to another game on my wish-list. Yet overtime, on one faithful day, I saw that the No Mans's Sky was on sale. I was able to snag it for $20 or so bucks and it still is one of my favorites.   It's usually the best to play after a stressful day of in class lectures, or after a tough game of whatever fps shooter you decided to hurt yourself with. The price...can seem a little bit steep, I can understand that thought process. However, in the past, I might've agreed with waiting for a sale or finding a better deal through a CD key site. Yet as of 2020, there have been a number of DLC overhauls released (which were all free and implemented in game). Some fine examples is the Foundation Update in 2016 which brought promised features that included base building, freighters, and the new difficulty modes.  Another such DLC released is the Path Finder Update, which includes planetary vehicles, base sharing, ship and weapon specialization, perma-death mode, visual updates (higher resolution textures, HDR mode, ambient lighting, etc), being able to own multiple ships, etc etc etc.  That's not even including the Atlas update which has included a complete overhaul towards the main story, as in it gives you one to actually follow! It lets you answer questions like, ""who are you?"", ""where are we?"", ""why are we here?"".   In the grand scheme of things, this game is an ever growing, ever improving video game. It has done a complete 180 of launch day, and is the biggest comeback of any video game I have ever seen. This game to me is worth the price, worth the time, and worth the energy to look into.",2017-08-11__2029990_official_Update 1.3 Atlas Rises.txt,5,4.9996853,matched,41493071,english,True,5,0,0.5500245690345764,,,False,False,2018-04-15 01:36:46,76561198100984843,0,29,9022,3209.0,,,Update 1.3 Atlas Rises,2017-08-11,True
100,"Got into this on 1.2 and really liked it. Am excited to see they have released Atlas Rising and am getting ready for my second playthrough (a rarity). This could end up being one of those games that comes back from the brink and wins back even some of the harshest critics who may still be (and rightfully so) upset. Good to see Hello Games didn't give up, keep it coming guys!",2017-08-11__2029990_official_Update 1.3 Atlas Rises.txt,3,4.9996853,matched,34363744,english,True,3,0,0.5,,,False,False,2017-08-20 02:37:42,76561198082423218,0,118,29802,14603.0,,,Update 1.3 Atlas Rises,2017-08-11,True
